,Code,accountsPayable,cash,commonStock,deferredLongTermAssetCharges,goodWill,intangibleAssets,longTermDebt,longTermInvestments,minorityInterest,netReceivables,netTangibleAssets,otherAssets,otherCurrentAssets,otherCurrentLiab,otherLiab,otherStockholderEquity,propertyPlantEquipment,retainedEarnings,shortLongTermDebt,shortTermInvestments,totalAssets,totalCurrentAssets,totalCurrentLiabilities,totalLiab,totalStockholderEquity,treasuryStock,inventory,capitalSurplus,deferredLongTermLiab
2021-06-30 00:00:00,CBA,747063000000.0,87375000000.0,38546000000.0,2067000000.0,5317000000.0,1625000000.0,160425000000.0,94912000000.0,5000000.0,2145000000.0,71771000000.0,817061000000.0,7055000000.0,7331000000.0,5772000000.0,3249000000.0,5284000000.0,37044000000.0,45588000000.0,12666000000.0,1091962000000.0,167763000000.0,844366000000.0,1013244000000.0,78713000000.0,3123000000.0,,,
2021-06-30 00:00:00,CSL,523000000.0,1808800000.0,,529500000.0,1188100000.0,1481600000.0,4213900000.0,21500000.0,,1648000000.0,5711600000.0,540000000.0,,378400000.0,1338900000.0,633200000.0,7536000000.0,12252700000.0,250000000.0,4800000.0,18156900000.0,7389700000.0,3103600000.0,9775600000.0,8381300000.0,-3871400000.0,3780600000.0,,
2021-06-30 00:00:00,BHP,7027000000.0,15246000000.0,2168000000.0,1912000000.0,1197000000.0,240000000.0,15934000000.0,3200000000.0,4341000000.0,6338000000.0,49827000000.0,3784000000.0,660000000.0,6748000000.0,17978000000.0,1832000000.0,73813000000.0,46779000000.0,1739000000.0,3000000.0,108927000000.0,26693000000.0,16403000000.0,53322000000.0,51264000000.0,1799000000.0,4426000000.0,518000000.0,
2020-09-30 00:00:00,NAB,503788000000.0,34652000000.0,43531000000.0,3647000000.0,1838000000.0,1971000000.0,144394000000.0,41213000000.0,1000000.0,21497000000.0,57483000000.0,586940000000.0,10734000000.0,3505000000.0,10491000000.0,2044000000.0,2374000000.0,15717000000.0,61085000000.0,61542000000.0,866565000000.0,232229000000.0,649194000000.0,805272000000.0,61292000000.0,2044000000.0,,,
2020-09-30 00:00:00,WBC,592381000000.0,30129000000.0,40509000000.0,3064000000.0,8397000000.0,3100000000.0,123881000000.0,94210000000.0,51000000.0,1162000000.0,56526000000.0,703811000000.0,5683000000.0,8271000000.0,13241000000.0,1544000000.0,3910000000.0,26533000000.0,33916000000.0,20401000000.0,911946000000.0,98518000000.0,704393000000.0,843872000000.0,68023000000.0,981000000.0,,,
2020-09-30 00:00:00,ANZ,673191000000.0,72320000000.0,26531000000.0,2124000000.0,3264000000.0,1115000000.0,93980000000.0,95555000000.0,10000000.0,161000000.0,56908000000.0,622361000000.0,22650000000.0,31894000000.0,10864000000.0,1501000000.0,3013000000.0,33255000000.0,25688000000.0,35603000000.0,1042286000000.0,316978000000.0,874946000000.0,980989000000.0,61287000000.0,1501000000.0,,,
2021-03-31 00:00:00,MQG,84199000000.0,15882000000.0,10173000000.0,1472000000.0,1321000000.0,1222000000.0,80220000000.0,13330000000.0,303000000.0,8257000000.0,19505000000.0,107220000000.0,51357000000.0,29422000000.0,2554000000.0,1277000000.0,4676000000.0,12231000000.0,,,245653000000.0,117884000000.0,139744000000.0,223302000000.0,22048000000.0,-356000000.0,,,
2021-06-30 00:00:00,WES,4234000000.0,3023000000.0,15826000000.0,613000000.0,2967000000.0,935000000.0,2072000000.0,1899000000.0,,1247000000.0,5813000000.0,920000000.0,324000000.0,722000000.0,376000000.0,-6171000000.0,10397000000.0,60000000.0,950000000.0,,26214000000.0,9096000000.0,7915000000.0,16499000000.0,9715000000.0,-6171000000.0,4502000000.0,,
2021-06-27 00:00:00,WOW,4832000000.0,1009000000.0,5466000000.0,1371000000.0,2881000000.0,1790000000.0,2753000000.0,63000000.0,360000000.0,480000000.0,-3292000000.0,1686000000.0,10996000000.0,14172000000.0,1106000000.0,-7202000000.0,17030000000.0,3115000000.0,,,39236000000.0,15786000000.0,23117000000.0,37497000000.0,1379000000.0,-7202000000.0,3132000000.0,,
2021-06-30 00:00:00,TLS,1204000000.0,1125000000.0,4530000000.0,60000000.0,1052000000.0,6079000000.0,10836000000.0,1091000000.0,687000000.0,4582000000.0,7457000000.0,3474000000.0,695000000.0,2470000000.0,3188000000.0,51000000.0,23715000000.0,10007000000.0,2795000000.0,,42525000000.0,7114000000.0,10424000000.0,27250000000.0,14588000000.0,51000000.0,385000000.0,,1342000000.0
2021-06-30 00:00:00,FMG,1008000000.0,6930000000.0,1195000000.0,,,10000000.0,3404000000.0,,8000000.0,713000000.0,17717000000.0,27000000.0,104000000.0,1814000000.0,2683000000.0,46000000.0,19387000000.0,16576000000.0,38000000.0,,28383000000.0,8959000000.0,3880000000.0,10648000000.0,17727000000.0,-44000000.0,1212000000.0,,
2017-06-30 00:00:00,TCL,347000000.0,988000000.0,7739000000.0,1061000000.0,466000000.0,18864000000.0,13230000000.0,1322000000.0,1312000000.0,130000000.0,-14835000000.0,1061000000.0,,809000000.0,2147000000.0,-54000000.0,327000000.0,-3190000000.0,14114000000.0,157000000.0,23323000000.0,1283000000.0,2139000000.0,17516000000.0,4495000000.0,-54000000.0,,,
2017-06-30 00:00:00,GMG,61200000.0,2095100000.0,8031700000.0,10200000.0,671500000.0,100400000.0,2849500000.0,5693100000.0,325800000.0,552000000.0,7524500000.0,2643800000.0,245600000.0,782300000.0,367200000.0,-56700000.0,,321400000.0,2878300000.0,,12711200000.0,3602400000.0,872300000.0,4089000000.0,8296400000.0,-56700000.0,709700000.0,,
2020-12-31 00:00:00,RIO,3175000000.0,10381000000.0,3988000000.0,3385000000.0,946000000.0,2755000000.0,12302000000.0,4061000000.0,4849000000.0,3441000000.0,43353000000.0,5891000000.0,134000000.0,4532000000.0,20633000000.0,11960000000.0,62882000000.0,26792000000.0,351000000.0,139000000.0,97390000000.0,20855000000.0,11607000000.0,45487000000.0,47054000000.0,11960000000.0,3917000000.0,4314000000.0,
2021-06-30 00:00:00,APT,306259000.0,1147147000.0,2204450000.0,156127000.0,112296000.0,115217000.0,1286383000.0,26795000.0,813000.0,1465042000.0,1075580000.0,162092000.0,18780000.0,6614000.0,168542000.0,-654704000.0,42070000.0,-246653000.0,,26788000.0,3116227000.0,2657757000.0,325397000.0,1812321000.0,1303093000.0,-654704000.0,,,
2020-09-30 00:00:00,ALL,121200000.0,1675700000.0,715100000.0,1100000000.0,2754900000.0,820800000.0,3297900000.0,7900000.0,-7100000.0,668800000.0,-388600000.0,1250000000.0,400000.0,298100000.0,120800000.0,-114500000.0,531500000.0,2586500000.0,9000000.0,6700000.0,7876900000.0,2511800000.0,1045500000.0,4696900000.0,3187100000.0,-114500000.0,160200000.0,,48100000.0
2020-12-31 00:00:00,WPL,100000000.0,3604000000.0,9297000000.0,1304000000.0,,,5438000000.0,54000000.0,800000000.0,303000000.0,12075000000.0,1822000000.0,48000000.0,789000000.0,3032000000.0,918000000.0,18495000000.0,1860000000.0,776000000.0,172000000.0,24623000000.0,4252000000.0,2094000000.0,11748000000.0,12075000000.0,918000000.0,125000000.0,,
2021-06-27 00:00:00,COL,2794000000.0,787000000.0,1585000000.0,873000000.0,1156000000.0,542000000.0,1142000000.0,220000000.0,,368000000.0,1115000000.0,1020000000.0,87000000.0,1240000000.0,490000000.0,69000000.0,11751000000.0,1159000000.0,,,18123000000.0,3434000000.0,5819000000.0,15310000000.0,2813000000.0,69000000.0,2107000000.0,,
2017-12-31 00:00:00,SYD,,483400000.0,5482300000.0,,682100000.0,6718900000.0,8698900000.0,4700000.0,-6900000.0,178100000.0,-6760200000.0,733700000.0,10500000.0,709400000.0,1877600000.0,-3360100000.0,3511700000.0,-1481400000.0,9088600000.0,,12323100000.0,672000000.0,1112700000.0,11689200000.0,640800000.0,-3360100000.0,,,
2021-03-31 00:00:00,JHX,174000000.0,208500000.0,231400000.0,1274200000.0,209300000.0,173900000.0,858600000.0,,,339800000.0,677600000.0,1340800000.0,138100000.0,519700000.0,1213300000.0,-6600000.0,1421400000.0,611400000.0,,,4089000000.0,943600000.0,901100000.0,3028200000.0,1060800000.0,-6600000.0,218300000.0,224600000.0,
2021-03-31 00:00:00,XRO,13386000.0,657849000.0,1295211000.0,103267000.0,126110000.0,357907000.0,854078000.0,,,35029000.0,261929000.0,226348000.0,15683000.0,32862000.0,171230000.0,-226612000.0,109358000.0,-320762000.0,2604000.0,452814000.0,2024028000.0,1204305000.0,168824000.0,1278082000.0,745946000.0,-228503000.0,,,
2021-06-30 00:00:00,REA,5909000.0,168869000.0,162467000.0,13911000.0,578972000.0,257472000.0,413383000.0,309195000.0,70176000.0,275570000.0,232601000.0,450266000.0,221565000.0,130961000.0,394716000.0,30031000.0,89369000.0,876547000.0,,,2372286000.0,687012000.0,351568000.0,1233065000.0,1069045000.0,30031000.0,,,
2021-06-30 00:00:00,NCM,577000000.0,1873000000.0,12419000000.0,54000000.0,19000000.0,32000000.0,1635000000.0,925000000.0,,218000000.0,10073000000.0,1115000000.0,19000000.0,198000000.0,1969000000.0,-23000000.0,9788000000.0,-2272000000.0,,,14714000000.0,2835000000.0,951000000.0,4590000000.0,10124000000.0,-23000000.0,562000000.0,,
2021-06-30 00:00:00,SHL,225262000.0,899827000.0,4082121000.0,65276000.0,6231847000.0,480404000.0,1592381000.0,108110000.0,119357000.0,1088717000.0,-327265000.0,103133000.0,,1137159000.0,355331000.0,-19158000.0,2552924000.0,2322163000.0,228944000.0,,11760991000.0,2284573000.0,2217937000.0,5256648000.0,6384986000.0,-19298000.0,224388000.0,,
2021-06-30 00:00:00,S32,663000000.0,1613000000.0,13597000000.0,348000000.0,139000000.0,50000000.0,149000000.0,501000000.0,-1000000.0,540000000.0,8766000000.0,692000000.0,53000000.0,196000000.0,2027000000.0,-3567000000.0,8938000000.0,-1053000000.0,86000000.0,,13242000000.0,2922000000.0,1462000000.0,4288000000.0,8955000000.0,-3589000000.0,716000000.0,,
2021-06-30 00:00:00,WTC,34000000.0,315000000.0,827800000.0,11000000.0,632000000.0,272500000.0,,,,78400000.0,201500000.0,16600000.0,3700000.0,115600000.0,80600000.0,-12600000.0,64100000.0,345800000.0,,1500000.0,1399800000.0,414600000.0,188000000.0,293800000.0,1106000000.0,-67600000.0,,,
2020-12-31 00:00:00,QBE,10789000000.0,583000000.0,9387000000.0,546000000.0,2107000000.0,757000000.0,2755000000.0,23988000000.0,1000000.0,4368000000.0,6044000000.0,6427000000.0,5032000000.0,7459000000.0,16498000000.0,-1012000000.0,550000000.0,117000000.0,200000000.0,2810000000.0,46624000000.0,12795000000.0,18516000000.0,38132000000.0,8491000000.0,-1013000000.0,,,1952000000.0
2021-03-31 00:00:00,FPH,56700000.0,97300000.0,249100000.0,81300000.0,,80000000.0,63700000.0,,,228900000.0,1440900000.0,192900000.0,42900000.0,256200000.0,33900000.0,242600000.0,882100000.0,1029200000.0,500000.0,280300000.0,2075000000.0,920000000.0,427500000.0,554100000.0,1520900000.0,242600000.0,270600000.0,,
2021-06-30 00:00:00,SUN,11590000000.0,2617000000.0,12571000000.0,288000000.0,4724000000.0,1283000000.0,13903000000.0,21230000000.0,24000000.0,2923000000.0,8169000000.0,58484000000.0,3214000000.0,39882000000.0,10363000000.0,147000000.0,504000000.0,747000000.0,1746000000.0,,96857000000.0,10632000000.0,59143000000.0,83409000000.0,13424000000.0,106000000.0,,,
2020-12-31 00:00:00,SCG,264200000.0,378100000.0,9990800000.0,34000000.0,,,15371300000.0,3203400000.0,166000000.0,385900000.0,18828400000.0,469300000.0,2278200000.0,512900000.0,728800000.0,104100000.0,31347100000.0,8733500000.0,1323800000.0,,38064100000.0,3044300000.0,2850100000.0,19069700000.0,18828400000.0,104100000.0,,,
2020-12-31 00:00:00,STO,365000000.0,1319000000.0,9013000000.0,1041000000.0,383000000.0,,4309000000.0,436000000.0,,583000000.0,6844000000.0,1150000000.0,467000000.0,724000000.0,4249000000.0,-921000000.0,12991000000.0,-865000000.0,233000000.0,,17656000000.0,2696000000.0,1535000000.0,10429000000.0,7227000000.0,-921000000.0,288000000.0,,
2021-06-30 00:00:00,RHC,1164600000.0,1004800000.0,2197600000.0,457600000.0,3766300000.0,467300000.0,5252200000.0,217500000.0,518100000.0,1813700000.0,-453100000.0,622000000.0,1990500000.0,1036900000.0,901600000.0,-91300000.0,8900100000.0,1750900000.0,66600000.0,,19324600000.0,5351400000.0,3717200000.0,14773800000.0,3780500000.0,-168000000.0,409400000.0,,
2021-06-30 00:00:00,ASX,6500000.0,5357800000.0,3027200000.0,48100000.0,2317600000.0,248900000.0,,87600000.0,,6625400000.0,1169800000.0,54900000.0,711800000.0,12400200000.0,290900000.0,79200000.0,122500000.0,629900000.0,,1049500000.0,16597000000.0,13765500000.0,12507200000.0,12860700000.0,3736300000.0,79200000.0,,,
2021-06-30 00:00:00,BXB,510500000.0,408500000.0,4924800000.0,118000000.0,207800000.0,74000000.0,1718100000.0,53900000.0,,863800000.0,2407400000.0,148700000.0,4200000.0,885500000.0,524700000.0,-7274800000.0,5541300000.0,5039200000.0,30900000.0,,7467900000.0,1442200000.0,1970800000.0,4778700000.0,2689200000.0,-7274800000.0,79500000.0,,
2021-06-30 00:00:00,COH,202900000.0,609600000.0,1276600000.0,146800000.0,267300000.0,82200000.0,45000000.0,226800000.0,,365500000.0,1352200000.0,203400000.0,17600000.0,79800000.0,101600000.0,57900000.0,428500000.0,367200000.0,,,2438200000.0,1230000000.0,402500000.0,736500000.0,1701700000.0,57900000.0,216100000.0,,53300000.0
0,MGOC,,,,,,,,,,,,,,,,,,,,,,,,,,,,,
2021-06-30 00:00:00,RMD,138008000.0,295278000.0,583000.0,79904000.0,1927901000.0,392582000.0,643351000.0,40156000.0,,625185000.0,565196000.0,200664000.0,72409000.0,447769000.0,172550000.0,-193487000.0,592065000.0,3079640000.0,12000000.0,29084000.0,4728125000.0,1574757000.0,911766000.0,1842446000.0,2885679000.0,-1816743000.0,457033000.0,1622199000.0,
2021-06-30 00:00:00,AMC,2574000000.0,850000000.0,15000000.0,139000000.0,5419000000.0,1835000000.0,6156000000.0,4000000.0,57000000.0,1864000000.0,-2490000000.0,371000000.0,21000000.0,1041000000.0,1374000000.0,-766000000.0,4293000000.0,452000000.0,3000000.0,,17188000000.0,5266000000.0,4345000000.0,12367000000.0,4764000000.0,-795000000.0,1991000000.0,5092000000.0,
2020-12-31 00:00:00,TPG,872000000.0,120000000.0,18399000000.0,264000000.0,8568000000.0,4856000000.0,4330000000.0,,,431000000.0,-1532000000.0,447000000.0,2000000.0,396000000.0,95000000.0,1000000.0,4270000000.0,-6508000000.0,,,18824000000.0,683000000.0,1456000000.0,6932000000.0,11892000000.0,1000000.0,51000000.0,,45000000.0
2021-07-31 00:00:00,SOL,112717000.0,610324000.0,47177000.0,30324000.0,18063000.0,115276000.0,747905000.0,3311595000.0,1060148000.0,163987000.0,3960094000.0,350996000.0,18313000.0,74769000.0,937066000.0,-155144000.0,2366571000.0,4201400000.0,1832000.0,18814000.0,7498487000.0,1335986000.0,547119000.0,2344906000.0,4093433000.0,-155144000.0,126966000.0,,
2021-06-27 00:00:00,EDV,889000000.0,437000000.0,3875000000.0,14000000.0,1698000000.0,2147000000.0,,89000000.0,,75000000.0,-457000000.0,55000000.0,3000000.0,231000000.0,214000000.0,-589000000.0,5004000000.0,104000000.0,1710000000.0,,10764000000.0,1771000000.0,3812000000.0,7376000000.0,3388000000.0,-591000000.0,1213000000.0,,
2021-06-30 00:00:00,IAG,7750000000.0,1998000000.0,7386000000.0,977000000.0,2829000000.0,1384000000.0,1987000000.0,10775000000.0,310000000.0,4075000000.0,3026000000.0,3879000000.0,7899000000.0,7462000000.0,8243000000.0,-20000000.0,610000000.0,-1120000000.0,,,33449000000.0,13972000000.0,16157000000.0,26893000000.0,6246000000.0,-20000000.0,,,2745000000.0
2021-06-30 00:00:00,TAH,,424000000.0,9231000000.0,,7038000000.0,3059000000.0,2354000000.0,129000000.0,,117000000.0,-3401000000.0,136000000.0,183000000.0,1412000000.0,841000000.0,-670000000.0,609000000.0,-1864000000.0,214000000.0,129000000.0,11869000000.0,898000000.0,1716000000.0,5173000000.0,6696000000.0,-671000000.0,,,
2021-06-27 00:00:00,DMP,242849000.0,174689000.0,259500000.0,7818000.0,456091000.0,295810000.0,508079000.0,1937000.0,,216811000.0,-352734000.0,530537000.0,17708000.0,172360000.0,260610000.0,-150329000.0,619041000.0,289996000.0,251000.0,,2358170000.0,454754000.0,538822000.0,1959003000.0,399167000.0,-150329000.0,27022000.0,,89987000.0
2017-06-30 00:00:00,MGR,134000000.0,106000000.0,6819000000.0,395000000.0,67000000.0,11000000.0,2848000000.0,1218000000.0,,227000000.0,7894000000.0,9751000000.0,30000000.0,353000000.0,344000000.0,36000000.0,34000000.0,1117000000.0,3054000000.0,,12108000000.0,1027000000.0,944000000.0,4136000000.0,7972000000.0,36000000.0,662000000.0,,
2021-06-30 00:00:00,SEK,8600000.0,491800000.0,269200000.0,48800000.0,1017600000.0,362400000.0,1029900000.0,572700000.0,84400000.0,756400000.0,454300000.0,49700000.0,1064700000.0,1017600000.0,179800000.0,18500000.0,260200000.0,1546600000.0,105000000.0,100000.0,4600600000.0,2338000000.0,1284100000.0,2681900000.0,1834300000.0,18500000.0,,,
2017-06-30 00:00:00,DXS,32300000.0,21200000.0,6402400000.0,,1200000.0,308300000.0,2746900000.0,3833500000.0,,81700000.0,8515000000.0,7682200000.0,323400000.0,353700000.0,91900000.0,60400000.0,16400000.0,2373400000.0,2903700000.0,,12270100000.0,428500000.0,606800000.0,3445600000.0,8824500000.0,48700000.0,,,
2021-06-30 00:00:00,REH,688327000.0,828966000.0,1246918000.0,53671000.0,1366157000.0,414473000.0,1328985000.0,14468000.0,,1025219000.0,1107479000.0,53671000.0,1029000.0,372130000.0,67827000.0,-39521000.0,1257151000.0,1680712000.0,28393000.0,,6118069000.0,3012149000.0,1258827000.0,3229960000.0,2888109000.0,-39521000.0,1138117000.0,,
2021-06-30 00:00:00,NST,37800000.0,771900000.0,6435100000.0,,,5600000.0,658000000.0,23200000.0,,223300000.0,7972900000.0,405700000.0,204300000.0,132700000.0,1697600000.0,14900000.0,8976800000.0,1528500000.0,300000.0,,11249300000.0,1838000000.0,771600000.0,3270800000.0,7978500000.0,14900000.0,583900000.0,,
2017-06-30 00:00:00,SGP,247000000.0,238000000.0,8817000000.0,22000000.0,76000000.0,80000000.0,3394000000.0,679000000.0,,139000000.0,9771000000.0,15309000000.0,167000000.0,3199000000.0,396000000.0,93000000.0,51000000.0,1044000000.0,3691000000.0,,17495000000.0,1300000000.0,3778000000.0,7568000000.0,9927000000.0,66000000.0,756000000.0,,
2021-06-30 00:00:00,CPU,19889000.0,816810000.0,519299000.0,149129000.0,1912347000.0,1116704000.0,1388924000.0,43307000.0,1938000.0,430478000.0,-751392000.0,151545000.0,420318000.0,380166000.0,394208000.0,-7052000.0,309272000.0,1765412000.0,319465000.0,,5251885000.0,1718710000.0,995668000.0,2972288000.0,2277659000.0,-7052000.0,5452000.0,,2222000.0
2021-06-30 00:00:00,AIA,1300000.0,79500000.0,1679200000.0,,,,1240700000.0,183600000.0,,39100000.0,7933500000.0,2641400000.0,,86100000.0,282600000.0,5087400000.0,6832000000.0,1776100000.0,129900000.0,,9782800000.0,125800000.0,326000000.0,1849300000.0,7933500000.0,4478200000.0,,,
2021-06-30 00:00:00,QAN,,2221000000.0,3186000000.0,675000000.0,166000000.0,683000000.0,5861000000.0,205000000.0,3000000.0,584000000.0,-336000000.0,2508000000.0,247000000.0,5269000000.0,2892000000.0,432000000.0,10888000000.0,-3087000000.0,969000000.0,,17880000000.0,3430000000.0,7595000000.0,17364000000.0,513000000.0,414000000.0,279000000.0,,
2021-06-30 00:00:00,BSL,1735700000.0,1961900000.0,3649900000.0,204300000.0,1183400000.0,466900000.0,548800000.0,137200000.0,530800000.0,1640400000.0,5979300000.0,342900000.0,218300000.0,883300000.0,712800000.0,112200000.0,4879800000.0,3867500000.0,73700000.0,,13149000000.0,6138800000.0,3281000000.0,4988600000.0,7629600000.0,112200000.0,2318200000.0,,16300000.0
2017-06-30 00:00:00,APA,40827000.0,394501000.0,4090901000.0,,1183604000.0,3174282000.0,9742349000.0,684972000.0,53000.0,289709000.0,-379756000.0,80594000.0,45002000.0,315262000.0,627181000.0,-207773000.0,9150165000.0,95002000.0,10000708000.0,285000.0,15045948000.0,772331000.0,698235000.0,11067765000.0,3978130000.0,-207773000.0,25260000.0,,
2021-06-30 00:00:00,AFI,,97122000.0,3007730000.0,59000.0,,,,8973080000.0,1066000.0,40011000.0,7557956000.0,59000.0,,18876000.0,1537119000.0,,,4550226000.0,,,9115017000.0,141878000.0,18876000.0,1555995000.0,7557956000.0,,,,
2021-06-30 00:00:00,IEL,64962000.0,306948000.0,282369000.0,15007000.0,39689000.0,69764000.0,56745000.0,4941000.0,-537000.0,109458000.0,279078000.0,47575000.0,10495000.0,60609000.0,11395000.0,-12884000.0,101650000.0,123270000.0,,,695442000.0,431823000.0,170835000.0,307448000.0,388531000.0,-17108000.0,,,16306000.0
2017-12-31 00:00:00,GPT,124500000.0,49900000.0,8140500000.0,16900000.0,,30900000.0,3398700000.0,3820600000.0,,118900000.0,9076100000.0,160300000.0,7000000.0,253000000.0,2300000.0,16400000.0,8755600000.0,950100000.0,3427700000.0,,12958400000.0,191000000.0,450400000.0,3851400000.0,9107000000.0,16400000.0,11800000.0,,
2021-06-30 00:00:00,MPL,862300000.0,671700000.0,85000000.0,85900000.0,204500000.0,221900000.0,,77100000.0,,208900000.0,1560800000.0,94100000.0,32000000.0,877900000.0,97100000.0,22300000.0,101700000.0,1798800000.0,,111200000.0,3923800000.0,3224500000.0,1855300000.0,2017700000.0,1906100000.0,22300000.0,,,
2021-03-31 00:00:00,AST,38400000.0,827900000.0,5492600000.0,,12000000.0,1717000000.0,9378400000.0,130100000.0,,204700000.0,1705900000.0,766500000.0,45000000.0,100400000.0,968600000.0,-2844300000.0,10163000000.0,786600000.0,339000000.0,719800000.0,14629600000.0,1841000000.0,763300000.0,11194700000.0,3434900000.0,-2844300000.0,43500000.0,,
2020-12-31 00:00:00,OSH,,540842000.0,3857120000.0,1071024000.0,,,2225605000.0,59534000.0,,169446000.0,5570299000.0,1226391000.0,,236485000.0,2267092000.0,737000.0,9234305000.0,1712442000.0,691350000.0,,11388265000.0,868035000.0,969456000.0,5817966000.0,5570299000.0,737000.0,127789000.0,,
0,VAS,,,,,,,,,,,,,,,,,,,,,,,,,,,,,
2021-06-30 00:00:00,ORG,2205000000.0,472000000.0,7163000000.0,,3812000000.0,562000000.0,2947000000.0,8461000000.0,20000000.0,2305000000.0,5421000000.0,383000000.0,967000000.0,1445000000.0,1939000000.0,525000000.0,3536000000.0,2132000000.0,1992000000.0,,21037000000.0,4283000000.0,5939000000.0,11222000000.0,9795000000.0,500000000.0,113000000.0,,
2021-06-30 00:00:00,TWE,322100000.0,448100000.0,3280700000.0,183700000.0,277500000.0,878000000.0,915200000.0,,4100000.0,585000000.0,2431600000.0,1266700000.0,148200000.0,416200000.0,339800000.0,-88000000.0,1804700000.0,394400000.0,,,6284200000.0,2057300000.0,878500000.0,2693000000.0,3587100000.0,-88000000.0,839700000.0,,
2020-12-31 00:00:00,OZL,190100000.0,131700000.0,2371400000.0,7000000.0,,,,,,173800000.0,3211400000.0,307300000.0,,63600000.0,413400000.0,-33700000.0,3879400000.0,873700000.0,,,4756000000.0,569300000.0,446900000.0,1544600000.0,3211400000.0,-33700000.0,252100000.0,,
2021-06-30 00:00:00,SPK,270000000.0,72000000.0,1084000000.0,,222000000.0,649000000.0,1121000000.0,227000000.0,,588000000.0,632000000.0,295000000.0,55000000.0,106000000.0,97000000.0,-371000000.0,1804000000.0,790000000.0,219000000.0,,4113000000.0,916000000.0,939000000.0,2610000000.0,1503000000.0,-371000000.0,64000000.0,,64000000.0
2021-06-30 00:00:00,MIN,557300000.0,1542100000.0,535900000.0,128500000.0,1400000.0,35300000.0,920200000.0,388200000.0,42600000.0,331300000.0,3166800000.0,844300000.0,-300000.0,200400000.0,517800000.0,15700000.0,2550400000.0,2673300000.0,,,5852900000.0,2033300000.0,984400000.0,2606800000.0,3203500000.0,-5700000.0,122600000.0,,
2021-06-30 00:00:00,MCY,,163000000.0,378000000.0,,,47000000.0,1041000000.0,102000000.0,,320000000.0,4139000000.0,126000000.0,351000000.0,562000000.0,1634000000.0,3694000000.0,6828000000.0,214000000.0,491000000.0,,7978000000.0,875000000.0,1057000000.0,3792000000.0,4186000000.0,3594000000.0,24000000.0,,
2017-06-30 00:00:00,CHC,1137000.0,174418000.0,1741809000.0,1582000.0,,65400000.0,,1506320000.0,,65474000.0,1656871000.0,41932000.0,,97054000.0,21459000.0,-45064000.0,18764000.0,25526000.0,,,1873037000.0,240621000.0,129307000.0,150766000.0,1722271000.0,-45064000.0,,,
2017-06-30 00:00:00,VCX,64300000.0,42200000.0,8493200000.0,84300000.0,427000000.0,172400000.0,4069800000.0,90500000.0,,45700000.0,11148300000.0,152600000.0,76100000.0,458900000.0,7800000.0,4600000.0,15648000000.0,3249900000.0,4289600000.0,,16658800000.0,168300000.0,630800000.0,4911100000.0,11747700000.0,4600000.0,,,
2021-06-30 00:00:00,SVW,243900000.0,160900000.0,3382200000.0,,1145500000.0,481900000.0,1678600000.0,3223900000.0,16700000.0,832300000.0,2421500000.0,147900000.0,45300000.0,401100000.0,461500000.0,-568100000.0,1913400000.0,1243500000.0,805500000.0,,8755300000.0,1842700000.0,1763900000.0,4689700000.0,4048900000.0,-576800000.0,804200000.0,,
0,PMGOLD,,,,,,,,,,,,,,,,,,,,,,,,,,,,,
2017-06-30 00:00:00,LLC,3413900000.0,1249200000.0,2406800000.0,129400000.0,1194200000.0,220900000.0,1860500000.0,2037900000.0,103100000.0,2749200000.0,4648300000.0,10714100000.0,79500000.0,7021400000.0,2069100000.0,-5300000.0,425800000.0,3686600000.0,2162000000.0,,20854200000.0,6261300000.0,10757700000.0,14687700000.0,6063400000.0,-30000000.0,2152000000.0,,
2020-12-31 00:00:00,ALD,935800000.0,367600000.0,502600000.0,453800000.0,405700000.0,152700000.0,801500000.0,173000000.0,273600000.0,837800000.0,2392700000.0,506900000.0,72900000.0,822700000.0,553900000.0,5600000.0,3467700000.0,2444500000.0,,,7317900000.0,2611900000.0,1983800000.0,4093200000.0,2951100000.0,4000000.0,1333600000.0,,
2021-06-30 00:00:00,AZJ,234000000.0,148800000.0,206600000.0,,24900000.0,169000000.0,3745600000.0,151100000.0,,501600000.0,4080700000.0,124500000.0,11100000.0,138300000.0,906500000.0,-56600000.0,8483200000.0,657500000.0,59100000.0,,9764600000.0,811900000.0,717200000.0,5490000000.0,4274600000.0,-56600000.0,150400000.0,3467100000.0,
2021-06-30 00:00:00,EVN,111876000.0,160062000.0,2183727000.0,94917000.0,,,508389000.0,62904000.0,,104990000.0,2534890000.0,257000000.0,,51313000.0,553674000.0,49406000.0,3172769000.0,301757000.0,102843000.0,,3957035000.0,464362000.0,349398000.0,1422145000.0,2534890000.0,49406000.0,188558000.0,,
2021-06-30 00:00:00,CAR,8397000.0,284004000.0,755357000.0,17841000.0,480008000.0,117726000.0,43195000.0,105482000.0,1765000.0,42732000.0,341002000.0,28158000.0,33658000.0,35962000.0,36997000.0,-21440000.0,67800000.0,204819000.0,35000.0,,1163591000.0,364417000.0,86182000.0,223090000.0,938736000.0,-21440000.0,,,
2021-06-30 00:00:00,BLD,484100000.0,903800000.0,3839500000.0,133100000.0,71200000.0,1200000.0,1672200000.0,23300000.0,,486100000.0,4291600000.0,187300000.0,3654700000.0,669900000.0,170300000.0,122800000.0,2031700000.0,401700000.0,1800000.0,11600000.0,7584400000.0,5269700000.0,1280400000.0,3220400000.0,4364000000.0,122800000.0,213500000.0,,
2021-06-30 00:00:00,IGO,47286000.0,528514000.0,2648574000.0,30721000.0,,,,1855939000.0,,79372000.0,3199877000.0,30721000.0,2751000.0,171952000.0,155848000.0,22373000.0,963475000.0,528930000.0,,,3608732000.0,758597000.0,232380000.0,408855000.0,3199877000.0,22373000.0,34013000.0,,
2021-06-30 00:00:00,ARG,,179297000.0,2921659000.0,,,,,6389776000.0,,26710000.0,5644413000.0,,,44735000.0,916200000.0,264513000.0,1380000.0,2458241000.0,,10088000.0,6607251000.0,216095000.0,45890000.0,962838000.0,5644413000.0,264513000.0,,,
2020-12-31 00:00:00,AWC,,10400000.0,2706700000.0,,,,60000000.0,1784500000.0,,,1734600000.0,,1800000.0,1400000.0,700000.0,-1310000000.0,,338700000.0,,,1796700000.0,12200000.0,1400000.0,62100000.0,1734600000.0,-1310800000.0,,,
2021-03-31 00:00:00,ALQ,65900000.0,168600000.0,1304600000.0,30800000.0,1064100000.0,72400000.0,777200000.0,25200000.0,10800000.0,338100000.0,-67500000.0,63000000.0,5000000.0,208300000.0,93500000.0,-131100000.0,641100000.0,-104500000.0,5000000.0,,2476900000.0,611100000.0,378100000.0,1397100000.0,1069000000.0,-131100000.0,64400000.0,,
2020-06-30 00:00:00,CWN,190100000.0,286900000.0,-203300000.0,170700000.0,243200000.0,1159700000.0,1070300000.0,186000000.0,,111200000.0,3351400000.0,248800000.0,,291700000.0,619800000.0,3100000.0,4871200000.0,4954500000.0,3400000.0,,7165800000.0,456900000.0,669900000.0,2411500000.0,4754300000.0,3100000.0,17200000.0,,
2020-12-31 00:00:00,CIM,2953100000.0,3082500000.0,1458700000.0,757900000.0,827700000.0,84600000.0,2686600000.0,1435300000.0,-74300000.0,1930800000.0,54100000.0,932500000.0,,1784400000.0,238000000.0,-527900000.0,814200000.0,165700000.0,210000000.0,4500000.0,9297300000.0,5203000000.0,5235500000.0,8405200000.0,966400000.0,-658000000.0,185200000.0,,
2021-06-30 00:00:00,MFG,10327000.0,211577000.0,607849000.0,41110000.0,102840000.0,10222000.0,,689651000.0,,118389000.0,876372000.0,67562000.0,2467000.0,169123000.0,4473000.0,-102000.0,12116000.0,381687000.0,,,1216166000.0,333775000.0,209934000.0,226732000.0,989434000.0,-102000.0,,,
2020-06-30 00:00:00,LYC,13180000.0,101731000.0,1424847000.0,,,540000.0,164851000.0,,,5426000.0,517841000.0,74615000.0,,31979000.0,156061000.0,-33789000.0,681908000.0,-872677000.0,34148000.0,,936125000.0,179062000.0,95098000.0,417744000.0,518381000.0,-33789000.0,68132000.0,,
2021-06-30 00:00:00,PLS,14694000.0,99712000.0,821391000.0,,,,141208000.0,,,24156000.0,574245000.0,,135000.0,103938000.0,51902000.0,7246000.0,785681000.0,-254392000.0,,,949720000.0,164039000.0,169952000.0,375475000.0,574245000.0,7246000.0,38621000.0,,
2020-06-30 00:00:00,HVN,283838000.0,313195000.0,717925000.0,3227000.0,,63003000.0,195000000.0,22868000.0,30983000.0,511579000.0,3383339000.0,2645826000.0,20613000.0,166370000.0,328026000.0,216837000.0,1798574000.0,2511580000.0,187000.0,30237000.0,5828602000.0,1298331000.0,785444000.0,2351277000.0,3446342000.0,216837000.0,391984000.0,,
2017-12-31 00:00:00,ALX,,122690000.0,2180211000.0,,58726000.0,2189724000.0,1668352000.0,1483337000.0,,618000.0,-86375000.0,153440000.0,,63327000.0,50087000.0,3906000.0,728000.0,-22042000.0,1734638000.0,,4010127000.0,124172000.0,129613000.0,1848052000.0,2162075000.0,3906000.0,,,
2021-06-30 00:00:00,QUB,254100000.0,125800000.0,3096300000.0,,778500000.0,96500000.0,1531000000.0,578800000.0,-3000000.0,383000000.0,2486800000.0,332000000.0,1660300000.0,174800000.0,82500000.0,3300000.0,2236400000.0,269600000.0,900000.0,,6241100000.0,2218900000.0,626200000.0,2882300000.0,3361800000.0,-4100000.0,6500000.0,,
2021-08-31 00:00:00,BOQ,66477000000.0,2362000000.0,5213000000.0,50000000.0,720000000.0,460000000.0,17723000000.0,9720000000.0,,827000000.0,5017000000.0,75677000000.0,43000000.0,62000000.0,15000000.0,338000000.0,198000000.0,646000000.0,,244000000.0,91432000000.0,4657000000.0,67497000000.0,85235000000.0,6197000000.0,338000000.0,,,
2020-09-30 00:00:00,IPL,1049400000.0,554600000.0,3806200000.0,13500000.0,2638100000.0,381600000.0,1849100000.0,326300000.0,,373900000.0,2183600000.0,122300000.0,127000000.0,143100000.0,702900000.0,-221800000.0,4292800000.0,1618900000.0,21200000.0,,9291000000.0,1529900000.0,1329500000.0,4087700000.0,5203300000.0,-221800000.0,474400000.0,,
2020-09-30 00:00:00,ORI,739700000.0,920500000.0,2659100000.0,309000000.0,1154400000.0,589700000.0,2123600000.0,301600000.0,48800000.0,976800000.0,1393100000.0,430200000.0,156700000.0,551200000.0,743600000.0,-670300000.0,3316400000.0,1148400000.0,615000000.0,,8456300000.0,2664000000.0,2169400000.0,5270300000.0,3137200000.0,-670300000.0,610000000.0,,
2021-06-30 00:00:00,MEZ,,148000000.0,1600000000.0,35000000.0,5000000.0,79000000.0,1298000000.0,,,516000000.0,5140000000.0,257000000.0,253000000.0,700000000.0,2134000000.0,5177000000.0,8598000000.0,-1548000000.0,378000000.0,,9856000000.0,917000000.0,1110000000.0,4632000000.0,5224000000.0,5172000000.0,,,
2021-03-31 00:00:00,IFT,305800000.0,133800000.0,1049000000.0,,770700000.0,40600000.0,3062000000.0,2207800000.0,1445200000.0,108000000.0,1832700000.0,365600000.0,2329600000.0,1000000000.0,531700000.0,859500000.0,3354200000.0,735500000.0,345900000.0,,9537200000.0,2798300000.0,1672000000.0,5448000000.0,2644000000.0,859500000.0,1900000.0,,
2021-06-30 00:00:00,PME,872000.0,42039000.0,1962000.0,13600000.0,,20009000.0,,,,24409000.0,61674000.0,14985000.0,,13505000.0,24228000.0,13714000.0,3014000.0,66922000.0,,19777000.0,125574000.0,87566000.0,17619000.0,43891000.0,81683000.0,12799000.0,34000.0,,
2021-06-30 00:00:00,NXT,37304000.0,652334000.0,1759777000.0,,,20745000.0,783489000.0,,,49716000.0,1642689000.0,22699000.0,9773000.0,26143000.0,48579000.0,7693000.0,1883978000.0,-104036000.0,,,2644119000.0,716697000.0,77292000.0,980685000.0,1663434000.0,7693000.0,,,22699000.0
2021-06-30 00:00:00,CWY,148600000.0,69400000.0,2695700000.0,52200000.0,1851700000.0,468700000.0,605400000.0,41700000.0,2400000.0,376100000.0,313500000.0,76200000.0,,259700000.0,423300000.0,25100000.0,1720700000.0,-86900000.0,,3000000.0,4651500000.0,492500000.0,564000000.0,2015200000.0,2633900000.0,25100000.0,22100000.0,,5800000.0
2021-06-30 00:00:00,WOR,1262000000.0,522000000.0,5321000000.0,213000000.0,5220000000.0,836000000.0,1614000000.0,172000000.0,38000000.0,2013000000.0,-493000000.0,442000000.0,227000000.0,504000000.0,292000000.0,-505000000.0,618000000.0,747000000.0,101000000.0,,10150000000.0,2862000000.0,2444000000.0,4549000000.0,5563000000.0,-505000000.0,,,
2021-06-30 00:00:00,FBU,729000000.0,666000000.0,3278000000.0,224000000.0,706000000.0,414000000.0,751000000.0,173000000.0,16000000.0,1179000000.0,2635000000.0,614000000.0,94000000.0,867000000.0,63000000.0,-91000000.0,2978000000.0,598000000.0,106000000.0,,8010000000.0,3125000000.0,1906000000.0,4239000000.0,3755000000.0,-121000000.0,1186000000.0,,
2020-06-30 00:00:00,ORE,29228000.0,171836000.0,548462000.0,,,897000.0,163074000.0,23171000.0,88215000.0,16403000.0,601462000.0,60433000.0,5668000.0,,157746000.0,-16608000.0,834264000.0,70505000.0,37291000.0,,1145661000.0,226896000.0,105616000.0,455087000.0,602359000.0,-16608000.0,30336000.0,,
2021-06-30 00:00:00,JBH,716100000.0,263200000.0,393000000.0,30300000.0,747000000.0,284400000.0,,,,211600000.0,277000000.0,69300000.0,5000000.0,328100000.0,127600000.0,83800000.0,705300000.0,831600000.0,,,3255300000.0,1449300000.0,1355300000.0,1946900000.0,1308400000.0,83800000.0,938800000.0,,
2021-06-30 00:00:00,EBO,1469202000.0,168953000.0,993616000.0,141806000.0,999339000.0,162443000.0,323565000.0,56556000.0,-5321000.0,1156777000.0,249242000.0,141836000.0,44000.0,190879000.0,138890000.0,-16045000.0,464938000.0,433453000.0,122694000.0,,3949758000.0,2124646000.0,1877979000.0,2544055000.0,1411024000.0,-16045000.0,784761000.0,,
2020-06-30 00:00:00,BEN,64182600000.0,1226700000.0,4909300000.0,88300000.0,1440300000.0,124300000.0,4917400000.0,854200000.0,,108600000.0,4233600000.0,66174900000.0,163000000.0,,87200000.0,-3600000.0,252300000.0,892500000.0,147600000.0,106700000.0,76008900000.0,7162900000.0,64984700000.0,70210700000.0,5798200000.0,-3600000.0,,,37100000.0
2021-06-30 00:00:00,A2M,40986000.0,875150000.0,149121000.0,53101000.0,8172000.0,6965000.0,,157803000.0,,81719000.0,1068823000.0,69715000.0,,4746000.0,511000.0,-106325000.0,32464000.0,1044937000.0,,,1372011000.0,1096892000.0,274690000.0,288051000.0,1083960000.0,-110098000.0,112204000.0,,
2020-12-31 00:00:00,YAL,414000000.0,637000000.0,6219000000.0,,60000000.0,75000000.0,3629000000.0,257000000.0,2000000.0,364000000.0,5056000000.0,437000000.0,30000000.0,38000000.0,954000000.0,129000000.0,8883000000.0,-1157000000.0,455000000.0,,11055000000.0,1343000000.0,1199000000.0,5862000000.0,5191000000.0,129000000.0,312000000.0,,
2017-12-31 00:00:00,SKI,,117289000.0,1067502000.0,,,,1061744000.0,3386623000.0,,9197000.0,2076764000.0,,1891000.0,3509000.0,313971000.0,-40911000.0,699000.0,1050173000.0,1061744000.0,,3515699000.0,128377000.0,63220000.0,1438935000.0,2076764000.0,-40911000.0,,,
0,IVV,,,,,,,,,,,,,,,,,,,,,,,,,,,,,
2021-06-30 00:00:00,NEC,250688000.0,171927000.0,2134803000.0,,888949000.0,1518431000.0,342255000.0,37871000.0,145050000.0,380997000.0,-592829000.0,42156000.0,251910000.0,341748000.0,387275000.0,-55327000.0,573936000.0,-264925000.0,79595000.0,,3911184000.0,849841000.0,837370000.0,1951583000.0,1814551000.0,-55327000.0,12263000.0,,
2021-07-31 00:00:00,PMV,76231000.0,523356000.0,608615000.0,55494000.0,477085000.0,349919000.0,77834000.0,334834000.0,,9490000.0,705901000.0,55494000.0,,181079000.0,79966000.0,-10001000.0,304885000.0,934291000.0,69000000.0,17399000.0,2281222000.0,759005000.0,512082000.0,748317000.0,1532905000.0,-10001000.0,208760000.0,,
0,STW,,,,,,,,,,,,,,,,,,,,,,,,,,,,,
2021-06-30 00:00:00,SDF,109700000.0,231200000.0,1178300000.0,23500000.0,1082200000.0,202000000.0,716800000.0,141200000.0,108200000.0,664900000.0,-125400000.0,55200000.0,514800000.0,228700000.0,98500000.0,-39000000.0,91000000.0,33400000.0,34100000.0,,2982500000.0,1410900000.0,874800000.0,1715500000.0,1158800000.0,-52900000.0,,,
2021-06-30 00:00:00,ALU,6224000.0,191541000.0,127699000.0,49457000.0,29507000.0,17672000.0,,3000000.0,,67360000.0,208721000.0,51003000.0,5034000.0,87747000.0,12411000.0,22142000.0,16185000.0,106059000.0,,,383152000.0,265785000.0,109348000.0,127252000.0,255900000.0,22142000.0,1850000.0,,
2021-06-30 00:00:00,FLT,384716000.0,1172115000.0,1099056000.0,331091000.0,549079000.0,138433000.0,702923000.0,51235000.0,,419553000.0,268524000.0,369113000.0,133368000.0,477995000.0,77317000.0,35614000.0,333669000.0,-178634000.0,212126000.0,54906000.0,3264876000.0,1823347000.0,1260930000.0,2308840000.0,956036000.0,35614000.0,11837000.0,,
2021-06-30 00:00:00,DOW,2363000000.0,811400000.0,2631500000.0,65300000.0,2280800000.0,502100000.0,1203300000.0,162800000.0,4500000.0,2169700000.0,-8600000.0,182000000.0,85400000.0,130900000.0,97300000.0,-38700000.0,1541200000.0,181500000.0,303800000.0,18800000.0,8072100000.0,3403200000.0,3309000000.0,5114700000.0,2774300000.0,-38700000.0,254200000.0,,
2021-06-30 00:00:00,CGF,-1000000.0,989400000.0,2462400000.0,4000000.0,579900000.0,9200000.0,2270800000.0,10346800000.0,,587300000.0,3236700000.0,4027100000.0,952700000.0,4893900000.0,14454400000.0,-50900000.0,62900000.0,1451200000.0,292600000.0,,29917900000.0,14892000000.0,9304600000.0,26092100000.0,3825800000.0,-87800000.0,,,
0,IOZ,,,,,,,,,,,,,,,,,,,,,,,,,,,,,
2021-06-30 00:00:00,ANN,357400000.0,240200000.0,769000000.0,83100000.0,851400000.0,225700000.0,451700000.0,23000000.0,13400000.0,274200000.0,474100000.0,114700000.0,41300000.0,86800000.0,128500000.0,-84600000.0,356000000.0,866800000.0,,,2737700000.0,1166900000.0,549900000.0,1173100000.0,1551200000.0,-84600000.0,611200000.0,,
0,VGS,,,,,,,,,,,,,,,,,,,,,,,,,,,,,
2021-06-30 00:00:00,ARB,10929000.0,84771000.0,170789000.0,9977000.0,49844000.0,2346000.0,,,,79890000.0,433587000.0,20897000.0,151000.0,78972000.0,20468000.0,9522000.0,241113000.0,305466000.0,,,658262000.0,344062000.0,112817000.0,172485000.0,485777000.0,9522000.0,172958000.0,,10920000.0
2021-06-30 00:00:00,NWL,7130000.0,81421000.0,26398000.0,2932000.0,,725000.0,,2384000.0,,18309000.0,92456000.0,2932000.0,,7130000.0,1138000.0,1688000.0,17620000.0,65095000.0,,4000000.0,131117000.0,107456000.0,21770000.0,37936000.0,93181000.0,1688000.0,,,
2020-09-30 00:00:00,TNE,29315000.0,125244000.0,40551000.0,28605000.0,33250000.0,67292000.0,,,,67524000.0,41626000.0,35640000.0,3353000.0,157382000.0,2577000.0,33478000.0,32755000.0,68139000.0,,,375909000.0,206972000.0,203967000.0,233741000.0,142168000.0,33478000.0,,,7035000.0
2021-06-30 00:00:00,BRG,175796000.0,129907000.0,309615000.0,17426000.0,143481000.0,33581000.0,,,,118151000.0,329423000.0,72494000.0,2340000.0,26188000.0,13564000.0,-14537000.0,47620000.0,211407000.0,,,770640000.0,473464000.0,219085000.0,264155000.0,506485000.0,-14537000.0,216670000.0,,52742000.0
2021-06-30 00:00:00,AGL,1261000000.0,88000000.0,5601000000.0,971000000.0,2440000000.0,862000000.0,2754000000.0,340000000.0,5000000.0,2054000000.0,2199000000.0,1850000000.0,1041000000.0,814000000.0,4076000000.0,15000000.0,6283000000.0,-115000000.0,309000000.0,,15450000000.0,3675000000.0,2975000000.0,9944000000.0,5501000000.0,15000000.0,418000000.0,,
2021-06-30 00:00:00,RWC,112624000.0,28427000.0,2330408000.0,34335000.0,914885000.0,320463000.0,202333000.0,,,301767000.0,355931000.0,34335000.0,15799000.0,139284000.0,73261000.0,-1034327000.0,358012000.0,295198000.0,,,2234083000.0,606388000.0,298785000.0,642804000.0,1591279000.0,-1034327000.0,260395000.0,,
2021-04-30 00:00:00,MTS,1882800000.0,124600000.0,867000000.0,125800000.0,547300000.0,181800000.0,,82500000.0,11200000.0,1663900000.0,550800000.0,380500000.0,11000000.0,277200000.0,239200000.0,-1700000.0,850700000.0,414600000.0,,2800000.0,4853100000.0,2810300000.0,2434800000.0,3562000000.0,1279900000.0,-1700000.0,1008000000.0,,
2021-06-30 00:00:00,Z1P,67419000.0,330201000.0,1688785000.0,10312000.0,788934000.0,207733000.0,2129198000.0,7006000.0,,2020755000.0,171709000.0,10312000.0,,6990000.0,10312000.0,231498000.0,9143000.0,-741469000.0,,1507000.0,3394625000.0,2371497000.0,80443000.0,2226249000.0,1168376000.0,221060000.0,,,
2020-12-31 00:00:00,ILU,,87100000.0,1151600000.0,28400000.0,,,36900000.0,452100000.0,400000.0,81600000.0,1291900000.0,141000000.0,1900000.0,236000000.0,757700000.0,37100000.0,1082200000.0,104300000.0,,,2363900000.0,688600000.0,261200000.0,1071600000.0,1291900000.0,36000000.0,504100000.0,,
2020-12-31 00:00:00,APE,144988000.0,209092000.0,1173069000.0,162005000.0,771755000.0,13819000.0,304513000.0,3927000.0,13860000.0,296172000.0,125143000.0,385812000.0,,348846000.0,47403000.0,-580200000.0,1295395000.0,317848000.0,33842000.0,,4033651000.0,1562943000.0,1665761000.0,3109074000.0,910717000.0,-580200000.0,1025781000.0,,
2020-12-31 00:00:00,VEA,1329600000.0,49100000.0,4373900000.0,325800000.0,337000000.0,309700000.0,153300000.0,15400000.0,,815100000.0,1410400000.0,361700000.0,2900000.0,37600000.0,198300000.0,-4216600000.0,3796700000.0,1906600000.0,,,6414000000.0,1593500000.0,1606900000.0,4356900000.0,2057100000.0,-4223400000.0,698800000.0,,
2020-12-31 00:00:00,AMP,12000000.0,2428000000.0,10355000000.0,828000000.0,157000000.0,244000000.0,4286000000.0,4851000000.0,8000000.0,656000000.0,3987000000.0,21593000000.0,603000000.0,564000000.0,1900000000.0,-2404000000.0,264000000.0,-3671000000.0,20630000000.0,,32164000000.0,5055000000.0,21543000000.0,27882000000.0,4274000000.0,-2410000000.0,,,239000000.0
2021-07-31 00:00:00,BKW,124766000.0,139825000.0,397060000.0,,160997000.0,19810000.0,621380000.0,2347222000.0,,145021000.0,2298940000.0,5849000.0,101000.0,18939000.0,482872000.0,73690000.0,912091000.0,2019170000.0,40891000.0,,4025832000.0,579863000.0,268282000.0,1546085000.0,2479747000.0,63517000.0,285392000.0,,
2021-06-30 00:00:00,SGR,179300000.0,67900000.0,3177900000.0,,1442200000.0,389200000.0,1246200000.0,631900000.0,,23300000.0,1792600000.0,50900000.0,36100000.0,27400000.0,162400000.0,5200000.0,2695400000.0,459500000.0,2700000.0,,5373300000.0,163700000.0,297300000.0,1749300000.0,3624000000.0,-13400000.0,15200000.0,,
2021-06-30 00:00:00,WHC,78808000.0,95202000.0,3013661000.0,,,11828000.0,726868000.0,37000.0,,154163000.0,2693910000.0,11785000.0,,174368000.0,409313000.0,6834000.0,3943921000.0,-314757000.0,2925000.0,,4392866000.0,425295000.0,360218000.0,1687128000.0,2705738000.0,6834000.0,175930000.0,,
2021-06-30 00:00:00,GNE,,104300000.0,654600000.0,,228400000.0,116700000.0,965200000.0,21000000.0,,354500000.0,1706600000.0,169000000.0,375500000.0,801900000.0,960500000.0,1460400000.0,3779300000.0,-60900000.0,108400000.0,,5241900000.0,927500000.0,1181600000.0,3190200000.0,2051700000.0,1458000000.0,93200000.0,,4400000.0
2021-06-30 00:00:00,DHG,32284000.0,94151000.0,1296462000.0,,777816000.0,322209000.0,173116000.0,,2637000.0,52580000.0,-151932000.0,4453000.0,,25439000.0,66621000.0,-23361000.0,43262000.0,-325008000.0,,,1298344000.0,150604000.0,74227000.0,347614000.0,948093000.0,-23361000.0,,,
2021-06-30 00:00:00,BPT,,126700000.0,1859500000.0,,57100000.0,20000000.0,174100000.0,,,371200000.0,3010700000.0,84000000.0,73600000.0,302500000.0,992300000.0,31500000.0,3847200000.0,1196800000.0,,,4679200000.0,670900000.0,399000000.0,1591400000.0,3087800000.0,31500000.0,99400000.0,,
2020-12-31 00:00:00,SNZ,3687000.0,15817000.0,303499000.0,,,5709000.0,714975000.0,,,21180000.0,1349136000.0,3638760000.0,,141187000.0,1519141000.0,14021000.0,181098000.0,1037325000.0,274000.0,,3893191000.0,67624000.0,294169000.0,2538346000.0,1354845000.0,14021000.0,,,
2021-06-30 00:00:00,CTD,41079000.0,99018000.0,744581000.0,28805000.0,678253000.0,78665000.0,,7272000.0,15398000.0,179721000.0,79141000.0,29203000.0,11051000.0,175304000.0,15010000.0,3484000.0,51681000.0,87994000.0,,,1135748000.0,290674000.0,232093000.0,284291000.0,836059000.0,3484000.0,884000.0,,
2017-06-30 00:00:00,GOZ,2350000.0,31459000.0,1653735000.0,929000.0,,,1305820000.0,121000.0,,6135000.0,1901481000.0,929000.0,108256000.0,93228000.0,,6362000.0,3181472000.0,241384000.0,1305820000.0,,3328372000.0,145850000.0,121071000.0,1426891000.0,1901481000.0,6362000.0,,,
2020-09-30 00:00:00,VUK,67579000000.0,9761000000.0,144000000.0,326000000.0,11000000.0,480000000.0,12524000000.0,5080000000.0,,30000000.0,4441000000.0,73815000000.0,273000000.0,,2871000000.0,2161000000.0,288000000.0,2624000000.0,1646000000.0,,90259000000.0,10585000000.0,69784000000.0,85327000000.0,4932000000.0,2161000000.0,,3000000.0,
2021-06-30 00:00:00,CLW,,76971000.0,2792047000.0,,,,1336856000.0,1485107000.0,,17050000.0,3279110000.0,10000.0,15366000.0,59079000.0,,-366000.0,3092885000.0,487429000.0,232000.0,,4687389000.0,109387000.0,71423000.0,1408279000.0,3279110000.0,-366000.0,,,
2020-06-30 00:00:00,NHF,271200000.0,198000000.0,127400000.0,12400000.0,226500000.0,230300000.0,230900000.0,18000000.0,,70800000.0,267000000.0,12400000.0,6200000.0,358000000.0,65800000.0,11200000.0,73500000.0,473800000.0,,8800000.0,1682500000.0,1121800000.0,703100000.0,1076100000.0,606400000.0,5200000.0,,,
2020-06-30 00:00:00,LTR,241958.0,5257849.0,63219270.0,,,,,76812.0,,186969.0,6519674.0,,1500000.0,20274.0,1512.0,2296519.0,232849.0,-58996115.0,,,7340580.0,7030919.0,745157.0,820906.0,6519674.0,2296519.0,,,
2017-06-30 00:00:00,SCP,42800000.0,3600000.0,1271100000.0,,,,817400000.0,154700000.0,,22400000.0,1633700000.0,,1500000.0,52800000.0,300000.0,-28100000.0,2364600000.0,390700000.0,817500000.0,,2547100000.0,27800000.0,95700000.0,913400000.0,1633700000.0,-28100000.0,,,
2021-06-30 00:00:00,PNI,2515000.0,96136000.0,266274000.0,,,167000.0,100000000.0,186957000.0,,16881000.0,243725000.0,2565000.0,2633000.0,5675000.0,156000.0,-50494000.0,3067000.0,28112000.0,22000.0,,366200000.0,173444000.0,20621000.0,122308000.0,243892000.0,-50494000.0,,,
2017-06-30 00:00:00,ABP,27865000.0,56288000.0,1622897000.0,6954000.0,32394000.0,,549184000.0,196528000.0,48522000.0,18457000.0,1733705000.0,2026886000.0,4909000.0,13119000.0,31881000.0,-21046000.0,84734000.0,164248000.0,549184000.0,,2436670000.0,96128000.0,40984000.0,622049000.0,1766099000.0,-21046000.0,16474000.0,,
0,MGF,,,,,,,,,,,,,,,,,,,,,,,,,,,,,
2021-06-30 00:00:00,HLS,205900000.0,70100000.0,2575600000.0,82200000.0,2042300000.0,76300000.0,264500000.0,5600000.0,,184100000.0,-261300000.0,82200000.0,25100000.0,118700000.0,22500000.0,16900000.0,1244900000.0,-731600000.0,,,3782200000.0,330900000.0,684700000.0,1924900000.0,1857300000.0,13300000.0,35900000.0,,
2021-06-26 00:00:00,SUL,448900000.0,242300000.0,740700000.0,4700000.0,526600000.0,340300000.0,,6100000.0,,24500000.0,359600000.0,4700000.0,3600000.0,192400000.0,26600000.0,17600000.0,1114200000.0,468200000.0,,,2972600000.0,980700000.0,923800000.0,1746100000.0,1226500000.0,17600000.0,696400000.0,,
0,VTS,,,,,,,,,,,,,,,,,,,,,,,,,,,,,
2020-06-30 00:00:00,SGM,223900000.0,227300000.0,2734400000.0,221900000.0,59300000.0,700000.0,116900000.0,322800000.0,,368900000.0,1922300000.0,344300000.0,3700000.0,185200000.0,278300000.0,266900000.0,1504200000.0,-1019000000.0,,3000000.0,3206100000.0,974800000.0,535600000.0,1223800000.0,1982300000.0,266900000.0,334300000.0,,
2021-06-30 00:00:00,NSR,1364000.0,95910000.0,161320000.0,8444000.0,43954000.0,3243000.0,758153000.0,10278000.0,2109561000.0,15085000.0,127884000.0,14186000.0,4898000.0,67529000.0,7320000.0,3000.0,3062990000.0,13758000.0,22000.0,,3251873000.0,117222000.0,100095000.0,967231000.0,175081000.0,3000.0,1318000.0,,
2021-06-30 00:00:00,IFL,,666100000.0,3000600000.0,114200000.0,2137900000.0,505500000.0,648600000.0,233300000.0,-200000.0,337900000.0,-151100000.0,145500000.0,1457300000.0,2096700000.0,341700000.0,3800000.0,145800000.0,-507500000.0,,60500000.0,5709800000.0,2541800000.0,2123900000.0,3217700000.0,2492300000.0,-800000.0,,,800000.0
2021-06-30 00:00:00,PXA,4532000.0,51517000.0,1058198000.0,,693551000.0,823708000.0,297397000.0,250000.0,,1912000.0,-485467000.0,,25792000.0,21826000.0,24416000.0,7589000.0,10960000.0,-33995000.0,,,1613116000.0,84647000.0,249580000.0,581324000.0,1031792000.0,7589000.0,,,
2021-06-30 00:00:00,MP1,4055000.0,136312000.0,395935000.0,10989000.0,1566000.0,14492000.0,2969000.0,,,10300000.0,164354000.0,11430000.0,,3792000.0,342000.0,-2505000.0,42726000.0,-213018000.0,4709000.0,426000.0,220563000.0,150349000.0,33495000.0,40151000.0,180412000.0,-2505000.0,,,
2021-06-30 00:00:00,CNU,278000000.0,53000000.0,689000000.0,93000000.0,,223000000.0,2884000000.0,,,145000000.0,725000000.0,166000000.0,4000000.0,33000000.0,1313000000.0,-51000000.0,5269000000.0,310000000.0,140000000.0,,5860000000.0,202000000.0,461000000.0,4912000000.0,948000000.0,-51000000.0,,,
2021-06-30 00:00:00,ORA,364700000.0,50600000.0,127400000.0,26200000.0,354700000.0,56500000.0,503400000.0,,,498400000.0,357400000.0,104600000.0,13500000.0,355700000.0,41400000.0,107600000.0,828000000.0,580200000.0,,,2324600000.0,980800000.0,806300000.0,1556000000.0,768600000.0,61000000.0,399100000.0,,17700000.0
2021-03-31 00:00:00,CSR,229100000.0,250800000.0,966700000.0,144900000.0,58300000.0,13800000.0,,35700000.0,33700000.0,224600000.0,1046700000.0,341000000.0,63000000.0,191900000.0,341400000.0,-89600000.0,820900000.0,241700000.0,,,2171500000.0,901800000.0,536500000.0,1019000000.0,1118800000.0,-89600000.0,354500000.0,,
2020-06-30 00:00:00,BWP,5378000.0,64189000.0,945558000.0,,,,505634000.0,,,618000.0,1968745000.0,,3570000.0,68386000.0,,-2772000.0,2484200000.0,1025959000.0,363000.0,,2552577000.0,68377000.0,78198000.0,583832000.0,1968745000.0,-2772000.0,,,
2021-06-30 00:00:00,PBH,6174298.0,276158305.0,666129692.0,,36705812.0,105867044.0,,220250.0,,1874393.0,305576332.0,149559110.0,,38787048.0,86510167.0,62632644.0,16859299.0,-280613148.0,,,624455701.0,315244186.0,80759950.0,176306513.0,448149188.0,62632644.0,,,
2021-06-30 00:00:00,UWL,13319000.0,57332000.0,777917000.0,,808649000.0,81282000.0,261911000.0,,,17779000.0,-74059000.0,,98000.0,30179000.0,72636000.0,14943000.0,237845000.0,23012000.0,,18000.0,1205642000.0,77866000.0,50788000.0,389770000.0,815872000.0,14943000.0,35000.0,,
2020-09-30 00:00:00,PDL,41660000.0,207485000.0,617668000.0,28931000.0,476093000.0,56010000.0,,202975000.0,,73892000.0,363655000.0,37127000.0,78000.0,20235000.0,12122000.0,205340000.0,45592000.0,219169000.0,,,1106354000.0,288557000.0,165270000.0,210596000.0,895758000.0,58921000.0,,,
2017-06-30 00:00:00,CNI,15322000.0,74382000.0,77323000.0,,65535000.0,92128000.0,255427000.0,324497000.0,251383000.0,16380000.0,-67095000.0,297295000.0,18511000.0,15522000.0,408091000.0,1551000.0,,11694000.0,255427000.0,,1042535000.0,263080000.0,37066000.0,700584000.0,90568000.0,1551000.0,,,
2021-06-30 00:00:00,BAP,173438000.0,39598000.0,878652000.0,36430000.0,667879000.0,96005000.0,204231000.0,8102000.0,1405000.0,181408000.0,277906000.0,36430000.0,3029000.0,19676000.0,15858000.0,8412000.0,297971000.0,165406000.0,,,1789167000.0,682780000.0,363670000.0,745972000.0,1041790000.0,-2268000.0,447059000.0,,
2020-06-30 00:00:00,NVX,847724.0,38807662.0,99851510.0,,17411685.0,955560.0,1937095.0,,,1227792.0,48165048.0,24589.0,,2745286.0,,30537967.0,15463145.0,-63857184.0,274917.0,,75257418.0,41402439.0,4009051.0,8725125.0,66532293.0,30537967.0,1366985.0,,
2021-06-30 00:00:00,EVT,46422000.0,120978000.0,219126000.0,39276000.0,66580000.0,34765000.0,431210000.0,15109000.0,,104874000.0,771191000.0,124915000.0,17973000.0,206594000.0,33040000.0,70242000.0,2158334000.0,583168000.0,44980000.0,,2668580000.0,268877000.0,449921000.0,1796044000.0,872536000.0,70242000.0,16360000.0,,
0,AAA,,,,,,,,,,,,,,,,,,,,,,,,,,,,,
0,IOO,,,,,,,,,,,,,,,,,,,,,,,,,,,,,
2020-12-31 00:00:00,CRN,74651000.0,45736000.0,1384000.0,24654000.0,28008000.0,4217000.0,327625000.0,,152000.0,277501000.0,774486000.0,123021000.0,72418000.0,119648000.0,605660000.0,-28806000.0,1463328000.0,-158919000.0,4231000.0,,2148476000.0,529902000.0,387746000.0,1341613000.0,806711000.0,-28806000.0,110135000.0,993052000.0,7475000.0
2020-12-31 00:00:00,NIC,33633284.0,351445322.0,732929135.0,,55404895.0,,32142857.0,,146168140.0,117758937.0,884655873.0,39868209.0,,8057972.0,58595728.0,19204534.0,600763595.0,187927099.0,12857143.0,,1234676984.0,538640285.0,57709491.0,148448076.0,940060768.0,19204534.0,61285049.0,,
2021-06-30 00:00:00,LIC,45000.0,2300000.0,64523000.0,,,,190000000.0,,,1086000.0,378095000.0,678827000.0,1543000.0,45280000.0,165785000.0,3472000.0,13775000.0,310764000.0,,,781276000.0,88674000.0,46991000.0,403181000.0,378095000.0,2808000.0,83745000.0,,
2021-03-31 00:00:00,WEB,85300000.0,261000000.0,847400000.0,43300000.0,519700000.0,171700000.0,133100000.0,5600000.0,,25900000.0,-84300000.0,155400000.0,11200000.0,160000000.0,38500000.0,-51900000.0,23200000.0,-188400000.0,124000000.0,1000000.0,1180000000.0,304400000.0,395000000.0,572900000.0,607100000.0,-51900000.0,,,110300000.0
2020-06-30 00:00:00,CHN,31931.0,45693727.0,59500883.0,,,,,,,478644.0,53427042.0,293137.0,,104205.0,49351.0,678126.0,309627.0,-6751967.0,,8579785.0,55487677.0,54884913.0,1999651.0,2060635.0,53427042.0,678126.0,,,
2021-06-30 00:00:00,ZIM,49908000.0,344815000.0,10763000.0,,,,,,,420268000.0,1746122000.0,16000.0,50246000.0,1792000.0,303726000.0,,1225940000.0,1646193000.0,,,2178078000.0,952122000.0,127671000.0,431956000.0,1746122000.0,,132539000.0,89166000.0,
2020-12-31 00:00:00,BFL,21711553000.0,4084656000.0,372189000.0,290484000.0,,220846000.0,245614000.0,5717241000.0,651000.0,58559000.0,3212108000.0,14195472000.0,1695845000.0,254549000.0,1600369000.0,386249000.0,931910000.0,2674516000.0,68741000.0,,27523437000.0,6457968000.0,22034843000.0,24089832000.0,3432954000.0,386249000.0,11649000.0,,
2021-06-30 00:00:00,CQR,,19300000.0,2858000000.0,,,,922000000.0,940200000.0,,18800000.0,2305200000.0,39500000.0,8800000.0,95400000.0,,-4400000.0,2314400000.0,-548400000.0,,,3341000000.0,46900000.0,113800000.0,1035800000.0,2305200000.0,-4400000.0,,,
0,QUAL,,,,,,,,,,,,,,,,,,,,,,,,,,,,,
2021-06-30 00:00:00,CDA,42423000.0,22362000.0,45842000.0,,216678000.0,10649000.0,24000000.0,,-114000.0,39473000.0,76397000.0,74569000.0,21309000.0,83360000.0,8272000.0,11490000.0,44752000.0,246392000.0,,,503559000.0,156911000.0,142507000.0,199949000.0,303724000.0,11490000.0,66433000.0,,74569000.0
2021-03-31 00:00:00,CIA,83395000.0,609316000.0,356463000.0,,,6257000.0,214951000.0,8761000.0,,98755000.0,687253000.0,93258000.0,29169000.0,191542000.0,133770000.0,30503000.0,581091000.0,284235000.0,,,1496906000.0,807539000.0,293767000.0,643889000.0,693510000.0,30503000.0,66814000.0,22309000.0,
0,VEU,,,,,,,,,,,,,,,,,,,,,,,,,,,,,
0,VAP,,,,,,,,,,,,,,,,,,,,,,,,,,,,,
0,NDQ,,,,,,,,,,,,,,,,,,,,,,,,,,,,,
2021-06-30 00:00:00,SKC,29541000.0,49940000.0,1338223000.0,9344000.0,35786000.0,610540000.0,448492000.0,4109000.0,,184650000.0,1004692000.0,378317000.0,13673000.0,79425000.0,321094000.0,-22972000.0,1497517000.0,335767000.0,48031000.0,,2805826000.0,279557000.0,269429000.0,1154808000.0,1651018000.0,-22972000.0,7187000.0,,
2020-06-30 00:00:00,CIP,3700000.0,17078000.0,1067398000.0,,10501000.0,,458420000.0,,,5805000.0,1128542000.0,,11300000.0,34621000.0,,,1591100000.0,71645000.0,,,1635784000.0,34183000.0,38321000.0,496741000.0,1139043000.0,,,,
2021-06-30 00:00:00,IMU,759725.0,29487025.0,113106912.0,,,34893383.0,,115198.0,,6661750.0,30124383.0,15593.0,170076.0,2881362.0,2169381.0,17562796.0,466045.0,-65651942.0,,,71809070.0,36318851.0,4456901.0,6791304.0,65017766.0,17562796.0,,,
2021-06-30 00:00:00,LNK,50405000.0,395024000.0,1917748000.0,65275000.0,1285894000.0,512542000.0,848308000.0,638749000.0,834000.0,164381000.0,-59675000.0,84538000.0,979929000.0,1151951000.0,171953000.0,33299000.0,215711000.0,-193723000.0,,,4276768000.0,1539334000.0,1328259000.0,2537173000.0,1738761000.0,14736000.0,,,
2021-06-30 00:00:00,HUB,685386.0,63461183.0,204227168.0,12761191.0,63768277.0,40207666.0,9375000.0,14518627.0,,16632900.0,77094414.0,20311191.0,2570332.0,15059424.0,3164988.0,11507257.0,7548615.0,-29651278.0,3125000.0,,229018791.0,82664415.0,30858749.0,47948434.0,181070357.0,6494467.0,,,
2020-12-31 00:00:00,LFS,209156000.0,522668000.0,496987000.0,205404000.0,521056000.0,313647000.0,6264131000.0,1810000.0,-38016000.0,6089558000.0,-413128000.0,214480000.0,111000.0,109076000.0,119283000.0,38158000.0,81726000.0,-113570000.0,451593000.0,,7745056000.0,6612337000.0,909972000.0,7361497000.0,421575000.0,38158000.0,,,
2020-12-31 00:00:00,IRE,9120000.0,63141000.0,558416000.0,29289000.0,605440000.0,128658000.0,188433000.0,,,48690000.0,-146236000.0,29289000.0,5068000.0,20870000.0,55612000.0,29927000.0,108047000.0,-481000.0,,901000.0,1005272000.0,133838000.0,102240000.0,417410000.0,587862000.0,29927000.0,,,
2020-12-31 00:00:00,DDR,250319000.0,30368000.0,131790000.0,6135000.0,17799000.0,7134000.0,,,,324183000.0,136680000.0,6135000.0,2780000.0,28038000.0,6091000.0,270000.0,80300000.0,29553000.0,,,581945000.0,470577000.0,413727000.0,420332000.0,161613000.0,270000.0,113246000.0,,
2021-06-30 00:00:00,PDN,2262000.0,30661000.0,2489082000.0,,,8312000.0,68743000.0,12880000.0,-36509000.0,1978000.0,274905000.0,4776000.0,1000000.0,,42073000.0,-59354000.0,295174000.0,-2146511000.0,,,361163000.0,40021000.0,2851000.0,114455000.0,283217000.0,-59354000.0,5123000.0,,
2020-06-30 00:00:00,HMC,21700000.0,29600000.0,3608000000.0,141100000.0,,,364500000.0,,,4200000.0,729500000.0,141100000.0,4300000.0,7700000.0,2000000.0,500000.0,1098600000.0,-2879000000.0,,,1277800000.0,38100000.0,48300000.0,548300000.0,729500000.0,500000.0,,,
0,WPR,,,,,,,,,,,,,,,,,,,,,,,,,,,,,
2020-06-28 00:00:00,LOV,12032000.0,20434000.0,213877000.0,9344000.0,2066000.0,1816000.0,,,,6164000.0,54486000.0,9344000.0,207000.0,5409000.0,3173000.0,-197328000.0,196563000.0,41819000.0,,772000.0,260020000.0,50231000.0,67344000.0,201652000.0,58368000.0,-197328000.0,21714000.0,,
2017-06-30 00:00:00,INA,20071000.0,9645000.0,809836000.0,7464000.0,,2021000.0,164790000.0,2263000.0,,2814000.0,513711000.0,10466000.0,3125000.0,33113000.0,6648000.0,1074000.0,696225000.0,-295178000.0,171112000.0,,748156000.0,37181000.0,55378000.0,232424000.0,515732000.0,1074000.0,21597000.0,,
2017-06-30 00:00:00,CMW,35400000.0,66900000.0,106900000.0,3400000.0,66600000.0,5700000.0,1274200000.0,417400000.0,1627700000.0,36200000.0,-60100000.0,2366600000.0,448000000.0,268000000.0,1300000.0,18200000.0,3500000.0,-112900000.0,1462400000.0,,3410900000.0,551100000.0,495500000.0,1771000000.0,12200000.0,18200000.0,,,
2021-06-30 00:00:00,SFR,72629000.0,573708000.0,363064000.0,,,,,86683000.0,3604000.0,26210000.0,906972000.0,892000.0,2136000.0,95526000.0,58416000.0,16886000.0,414442000.0,527022000.0,,,1157937000.0,655920000.0,187147000.0,247361000.0,906972000.0,16886000.0,53866000.0,,
2021-06-30 00:00:00,WAM,64086611.0,149614471.0,1688342901.0,72200056.0,,,,,,29789191.0,1697218031.0,72200056.0,,13444269.0,27179121.0,,,8875130.0,,1566906061.0,1818509779.0,1746309723.0,94112627.0,121291748.0,1697218031.0,,,,
2021-06-30 00:00:00,PRU,120043000.0,181545000.0,850412000.0,,,,133199000.0,797000.0,27679000.0,18648000.0,1031420000.0,15127000.0,,,90227000.0,32007000.0,990375000.0,149001000.0,,,1409598000.0,403299000.0,124576000.0,350499000.0,1031420000.0,32007000.0,178540000.0,,
2021-07-31 00:00:00,NHC,78786000.0,424663000.0,97536000.0,214000.0,5595000.0,70957000.0,496294000.0,229000.0,,109575000.0,1670061000.0,578000.0,19813000.0,41331000.0,274609000.0,16890000.0,2057366000.0,1632187000.0,953000.0,,2775867000.0,641142000.0,167766000.0,1029254000.0,1746613000.0,16890000.0,73343000.0,,
2020-12-31 00:00:00,ABC,172000000.0,94000000.0,740100000.0,,272500000.0,8600000.0,466100000.0,197800000.0,2300000.0,196800000.0,938600000.0,89500000.0,,16200000.0,128700000.0,-6200000.0,1102000000.0,485800000.0,,,2122900000.0,452500000.0,221300000.0,900900000.0,1219700000.0,-6200000.0,152100000.0,,
2021-06-30 00:00:00,PPT,,147066000.0,854604000.0,47179000.0,554461000.0,316282000.0,166025000.0,150355000.0,,132716000.0,41725000.0,55037000.0,177578000.0,256545000.0,114847000.0,2389000.0,91055000.0,94780000.0,,,1624550000.0,457360000.0,361129000.0,712082000.0,912468000.0,-36916000.0,,,
2021-06-30 00:00:00,DRR,345000.0,24206000.0,,,,8908000.0,,,,54955000.0,52815000.0,53000.0,,10971000.0,15289000.0,804000.0,327000.0,60919000.0,,,89093000.0,79805000.0,11837000.0,27370000.0,61723000.0,804000.0,,,
2021-03-31 00:00:00,PPH,326000.0,4843000.0,95918000.0,1845000.0,66805000.0,17150000.0,,,,17837000.0,9963000.0,3111000.0,2154000.0,14525000.0,,1502000.0,2778000.0,-3502000.0,,,117056000.0,27212000.0,22434000.0,23138000.0,93918000.0,1502000.0,,,651000.0
2021-06-30 00:00:00,CUV,2323560.0,82690982.0,151849375.0,2931188.0,185030.0,,,,,16088527.0,98552404.0,2931188.0,,2427578.0,77951.0,5017827.0,2603143.0,-58129768.0,,,108567574.0,102848213.0,8706953.0,9830140.0,98737434.0,5017827.0,3186670.0,,
2021-06-30 00:00:00,CCP,8123000.0,61677000.0,346738000.0,67782000.0,800000.0,1332000.0,3608000.0,467321000.0,,151762000.0,664931000.0,67782000.0,3227000.0,38593000.0,19432000.0,24963000.0,26953000.0,295362000.0,,,781250000.0,217062000.0,73540000.0,114187000.0,667063000.0,24963000.0,396000.0,,
2021-06-30 00:00:00,TYR,3993000.0,84521000.0,274436000.0,13856000.0,13687000.0,127180000.0,,74066000.0,,30503000.0,39797000.0,15835000.0,14191000.0,87864000.0,92575000.0,38469000.0,27681000.0,-132241000.0,,5000000.0,396129000.0,137680000.0,122890000.0,215465000.0,180664000.0,38469000.0,128000.0,,
0,HYGG,,,,,,,,,,,,,,,,,,,,,,,,,,,,,
2021-06-30 00:00:00,IPH,15227000.0,71152000.0,417079000.0,34000.0,296434000.0,171654000.0,116662000.0,,,90002000.0,-41296000.0,890000.0,850000.0,13767000.0,37353000.0,-1500000.0,40817000.0,11213000.0,200000.0,,674687000.0,164892000.0,60657000.0,247895000.0,426792000.0,-1500000.0,,,
2021-06-30 00:00:00,CEN,305000000.0,150000000.0,1922000000.0,,220000000.0,213000000.0,672000000.0,10000000.0,,251000000.0,2494000000.0,70000000.0,80000000.0,154000000.0,786000000.0,-43000000.0,3961000000.0,1048000000.0,163000000.0,,5028000000.0,554000000.0,622000000.0,2101000000.0,2927000000.0,-43000000.0,69000000.0,,
2021-06-30 00:00:00,BKL,63609000.0,70054000.0,196126000.0,21031000.0,21864000.0,50820000.0,,1542000.0,5798000.0,120747000.0,300472000.0,21160000.0,15138000.0,58014000.0,15403000.0,4002000.0,143407000.0,173028000.0,,,560422000.0,321629000.0,144172000.0,181468000.0,373156000.0,4002000.0,115690000.0,,
2021-06-30 00:00:00,LFG,,499218000.0,719000000.0,67462000.0,39494000.0,246240000.0,9660532000.0,12288543000.0,-7236000.0,259372000.0,759729000.0,102501000.0,104651000.0,92042000.0,51634000.0,-114145000.0,21950000.0,440608000.0,9799000.0,,13567167000.0,868439000.0,2807997000.0,12528940000.0,1045463000.0,-114145000.0,,,3253000.0
2020-06-30 00:00:00,AVN,17300000.0,39200000.0,1125100000.0,,140400000.0,3800000.0,750000000.0,5800000.0,,6400000.0,1196300000.0,1000000.0,6500000.0,22900000.0,500000.0,1000000.0,1933300000.0,214400000.0,1800000.0,,2136400000.0,52100000.0,43400000.0,795900000.0,1340500000.0,1000000.0,,,
0,VHY,,,,,,,,,,,,,,,,,,,,,,,,,,,,,
0,ETHI,,,,,,,,,,,,,,,,,,,,,,,,,,,,,
2021-06-30 00:00:00,NAN,2051000.0,96027000.0,113539000.0,10048000.0,,278000.0,,,,28362000.0,135290000.0,10380000.0,2085000.0,10088000.0,6185000.0,20912000.0,9334000.0,1117000.0,,,162304000.0,142312000.0,19539000.0,26736000.0,135568000.0,20912000.0,11865000.0,,132000.0
2021-03-31 00:00:00,ZEL,302000000.0,162000000.0,767000000.0,,158000000.0,497000000.0,601000000.0,42000000.0,-2000000.0,299000000.0,358000000.0,51000000.0,78000000.0,372000000.0,199000000.0,202000000.0,1096000000.0,44000000.0,169000000.0,,2953000000.0,1109000000.0,859000000.0,1942000000.0,1013000000.0,202000000.0,570000000.0,,
2021-06-30 00:00:00,OCL,7463000.0,48360000.0,6943000.0,2170000.0,32716000.0,2828000.0,,,,15667000.0,11407000.0,2256000.0,51000.0,41138000.0,1002000.0,440000.0,13072000.0,50380000.0,,,116649000.0,65777000.0,60208000.0,69698000.0,46951000.0,-10372000.0,,,
2020-06-30 00:00:00,PTM,3830000.0,105333000.0,751355000.0,,,612000.0,,152645000.0,,32768000.0,318349000.0,,,10825000.0,7265000.0,-572082000.0,12064000.0,173045000.0,,49876000.0,355212000.0,189891000.0,21901000.0,36251000.0,318961000.0,-605439000.0,,,
2020-09-30 00:00:00,ELD,452775000.0,50741000.0,1645561000.0,103767000.0,146952000.0,159295000.0,25000000.0,57742000.0,1325000.0,599459000.0,364754000.0,103767000.0,,69447000.0,9908000.0,-27670000.0,133070000.0,-946890000.0,,,1554065000.0,953239000.0,770830000.0,881739000.0,671001000.0,-27670000.0,300664000.0,,
0,IAF,,,,,,,,,,,,,,,,,,,,,,,,,,,,,
2021-06-30 00:00:00,AIZ,524000000.0,44000000.0,2197000000.0,,,179000000.0,1023000000.0,138000000.0,,266000000.0,926000000.0,434000000.0,142000000.0,767000000.0,835000000.0,-50000000.0,5117000000.0,-1042000000.0,524000000.0,222000000.0,6694000000.0,826000000.0,2353000000.0,5589000000.0,1105000000.0,-50000000.0,92000000.0,,
2020-12-31 00:00:00,JHG,3200000.0,1108100000.0,270600000.0,700000.0,1383900000.0,2686300000.0,313300000.0,14400000.0,103200000.0,490400000.0,646200000.0,212800000.0,77400000.0,195100000.0,710600000.0,-324000000.0,199700000.0,1062100000.0,,482700000.0,6690800000.0,2193700000.0,727800000.0,1871200000.0,4716400000.0,-431300000.0,,3815000000.0,
0,VGAD,,,,,,,,,,,,,,,,,,,,,,,,,,,,,
2020-09-30 00:00:00,NUF,788215000.0,423914000.0,1834934000.0,141731000.0,208945000.0,778430000.0,669413000.0,2653000.0,246932000.0,847768000.0,812428000.0,486381000.0,5980000.0,117485000.0,266306000.0,74679000.0,436685000.0,-109810000.0,216088000.0,,4265565000.0,2352471000.0,1156716000.0,2218830000.0,1799803000.0,74679000.0,1046929000.0,,341531000.0
2021-06-30 00:00:00,RRL,30833000.0,242627000.0,1095533000.0,,,2688000.0,293821000.0,,,10572000.0,1581617000.0,185643000.0,8658000.0,65989000.0,217545000.0,35157000.0,1701319000.0,453615000.0,,183000.0,2313165000.0,423515000.0,182129000.0,728860000.0,1584305000.0,35157000.0,161475000.0,,
2021-06-30 00:00:00,LSF,,483995000.0,1215825000.0,,,,,,,43798000.0,1574311000.0,,7963000.0,1749895000.0,117380000.0,,,358486000.0,,,3560864000.0,3560864000.0,1869173000.0,1986553000.0,1574311000.0,,,,
0,A200,,,,,,,,,,,,,,,,,,,,,,,,,,,,,
2020-12-31 00:00:00,TLX,5808000.0,77945000.0,167058000.0,,4224000.0,54965000.0,95000.0,,,14191000.0,19827000.0,183000.0,,10888000.0,57409000.0,4919000.0,4821000.0,-92961000.0,264000.0,,157821000.0,93628000.0,19956000.0,78805000.0,79016000.0,4919000.0,633000.0,,
2020-12-31 00:00:00,IVC,60514000.0,118781000.0,511293000.0,,212706000.0,30809000.0,246587000.0,4000.0,1423000.0,52467000.0,286962000.0,629571000.0,58241000.0,84456000.0,648747000.0,9977000.0,608645000.0,23495000.0,600000.0,,1755341000.0,273606000.0,181648000.0,1223441000.0,530477000.0,-4311000.0,44117000.0,,36593000.0
0,MVW,,,,,,,,,,,,,,,,,,,,,,,,,,,,,
2020-06-30 00:00:00,AUB,181951000.0,84374000.0,258947000.0,14538000.0,329421000.0,53128000.0,220067000.0,271041000.0,61655000.0,63165000.0,47652000.0,20413000.0,165028000.0,48844000.0,20210000.0,-7751000.0,35222000.0,179005000.0,10095000.0,,1021792000.0,312567000.0,267617000.0,529936000.0,430201000.0,-7751000.0,,,2948000.0
2021-06-30 00:00:00,MFF,,3023000.0,679653000.0,,,,,,,617000.0,1593562000.0,,,89000.0,269420000.0,,,913909000.0,,1994678000.0,1998338000.0,1998338000.0,135356000.0,404776000.0,1593562000.0,,,,
2021-06-30 00:00:00,BGA,315500000.0,87200000.0,875700000.0,4600000.0,347400000.0,242100000.0,391900000.0,46600000.0,,378300000.0,671200000.0,4700000.0,10100000.0,91300000.0,69500000.0,25900000.0,1011900000.0,359100000.0,,,2486100000.0,833400000.0,684900000.0,1225400000.0,1260700000.0,25900000.0,345000000.0,,
2021-06-30 00:00:00,TPW,18864000.0,97504000.0,115397000.0,7845000.0,4532000.0,3210000.0,,,,104000.0,76262000.0,8233000.0,579000.0,24072000.0,635000.0,4749000.0,8150000.0,-36142000.0,,943000.0,148346000.0,124221000.0,58609000.0,64342000.0,84004000.0,4749000.0,21341000.0,,349000.0
2021-06-30 00:00:00,SLK,36201000.0,103497000.0,572377000.0,,457404000.0,95622000.0,287137000.0,,3000.0,92398000.0,55077000.0,,4513000.0,91903000.0,25553000.0,-8862000.0,579494000.0,44588000.0,20760000.0,,1359439000.0,226919000.0,305523000.0,751333000.0,608103000.0,-8862000.0,14308000.0,,
2021-06-30 00:00:00,MAQ,28660000.0,19806000.0,44612000.0,2743000.0,,12582000.0,132000000.0,,,57767000.0,123798000.0,29244000.0,1378000.0,33138000.0,8559000.0,5137000.0,286928000.0,86631000.0,,,422027000.0,93273000.0,73464000.0,285647000.0,136380000.0,5137000.0,,,16689000.0
2021-06-30 00:00:00,DEG,15950850.0,70949700.0,235892228.0,,,,,111871.0,,1503359.0,175637400.0,,6548.0,1388272.0,1087533.0,1339024.0,123207895.0,-61593852.0,,,196904417.0,73584651.0,18308904.0,21267017.0,175637400.0,1339024.0,206656.0,,
2021-06-30 00:00:00,ASM,221000.0,93324000.0,207162000.0,,,4668000.0,,224000.0,59000.0,392000.0,197878000.0,663000.0,581000.0,1003000.0,24647000.0,926000.0,128193000.0,-16866000.0,,,228635000.0,94887000.0,1383000.0,26030000.0,202546000.0,926000.0,243000.0,11324000.0,
0,WLE,,,,,,,,,,,,,,,,,,,,,,,,,,,,,
2020-12-31 00:00:00,RBD,41265000.0,35666000.0,154565000.0,39658000.0,248447000.0,73351000.0,231038000.0,,,11354000.0,-91326000.0,40867000.0,3384000.0,38158000.0,3961000.0,-10360000.0,737217000.0,86267000.0,8058000.0,,1172963000.0,73081000.0,144281000.0,942491000.0,230472000.0,-10360000.0,16607000.0,,65000.0
2021-05-02 00:00:00,CKF,79255000.0,95717000.0,290788000.0,41129000.0,426566000.0,24497000.0,272309000.0,2402000.0,,2786000.0,-88124000.0,41485000.0,5162000.0,25117000.0,11556000.0,10756000.0,548019000.0,61395000.0,1536000.0,,1153805000.0,110836000.0,143400000.0,790866000.0,362939000.0,10756000.0,7171000.0,,
2020-12-31 00:00:00,ERA,38453000.0,204350000.0,1177656000.0,,,,,,,131104000.0,214579000.0,425930000.0,12423000.0,163765000.0,556116000.0,395383000.0,91612000.0,-1358460000.0,,,1000153000.0,482611000.0,229272000.0,785574000.0,214579000.0,395383000.0,132704000.0,,
2021-06-27 00:00:00,CCX,13395000.0,71457000.0,158368000.0,7808000.0,45199000.0,30403000.0,,,,5606000.0,107300000.0,7808000.0,1306000.0,38562000.0,1160000.0,417000.0,32633000.0,24117000.0,,,266972000.0,150929000.0,64142000.0,84070000.0,182902000.0,417000.0,66996000.0,,
0,MXT,,,,,,,,,,,,,,,,,,,,,,,,,,,,,
2020-12-31 00:00:00,HTA,120000.0,23657000.0,4204488000.0,,,,,825742000.0,,27000.0,760422000.0,,,,,70434000.0,,-3514500000.0,,,849426000.0,23684000.0,89004000.0,89004000.0,760422000.0,70434000.0,,,
2020-09-30 00:00:00,GNC,124700000.0,124700000.0,572800000.0,89100000.0,85600000.0,39500000.0,150300000.0,146700000.0,,216100000.0,970200000.0,90600000.0,152100000.0,119600000.0,31400000.0,16300000.0,855300000.0,506200000.0,,,2002100000.0,784400000.0,520200000.0,906800000.0,1095300000.0,16300000.0,277400000.0,,
2021-06-30 00:00:00,MGH,20578740.0,17996088.0,279635572.0,4361322.0,34682496.0,19602160.0,84074853.0,8000000.0,,48034821.0,200115654.0,62202453.0,4929046.0,26172991.0,27062235.0,-105831919.0,232995733.0,80596657.0,19857109.0,1768001.0,489207900.0,131725058.0,86464569.0,234807590.0,254400310.0,-105831919.0,57005110.0,,
2021-06-30 00:00:00,SLR,54605000.0,328890000.0,1023106000.0,80745000.0,90695000.0,,,11391000.0,,6767000.0,805083000.0,133313000.0,,250000.0,44679000.0,5924000.0,449991000.0,-133252000.0,,,1090866000.0,405476000.0,110678000.0,195088000.0,895778000.0,5924000.0,69584000.0,,
2017-06-30 00:00:00,ARF,7285000.0,9082000.0,202179000.0,,10816000.0,,171655000.0,,68368000.0,8154000.0,353292000.0,860000.0,459000.0,9529000.0,337000.0,,591911000.0,161929000.0,171655000.0,,621282000.0,17695000.0,16814000.0,188806000.0,364108000.0,,,,
2020-12-27 00:00:00,CGC,59007000.0,32450000.0,580734000.0,23894000.0,198165000.0,11285000.0,162013000.0,21567000.0,27612000.0,96900000.0,379500000.0,27918000.0,2832000.0,90756000.0,25742000.0,-6762000.0,818491000.0,14978000.0,14706000.0,,1305333000.0,227907000.0,217067000.0,688771000.0,588950000.0,-6762000.0,85299000.0,,
2021-06-30 00:00:00,COF,15436000.0,15644000.0,1283138000.0,,,,708040000.0,,,5369000.0,1274992000.0,,1625000.0,37731000.0,,,2046221000.0,-8146000.0,,,2068859000.0,22638000.0,53167000.0,793867000.0,1274992000.0,,,,
2021-06-26 00:00:00,ING,256200000.0,158100000.0,108100000.0,7700000.0,,,400100000.0,2100000.0,,219200000.0,163600000.0,7700000.0,125500000.0,63300000.0,30200000.0,30800000.0,1832800000.0,24700000.0,1500000.0,,2545000000.0,702400000.0,703000000.0,2381400000.0,163600000.0,30800000.0,196100000.0,,
2021-06-30 00:00:00,VUL,1442980.0,114705865.0,136500372.0,,,173188.0,,,,778987.0,128811359.0,,418513.0,167765.0,,7899461.0,15667528.0,-15415286.0,,,131744081.0,115903365.0,2262987.0,2759534.0,128984547.0,7899461.0,,,
2020-12-31 00:00:00,360,2420000.0,56413000.0,50000.0,,764000.0,,,,,9062000.0,63731000.0,3257000.0,3381000.0,11855000.0,701000.0,-621000.0,3439000.0,-131786000.0,,,86313000.0,78853000.0,19510000.0,21818000.0,64495000.0,-621000.0,,196852000.0,569000.0
2021-06-30 00:00:00,JLG,82472000.0,43313000.0,64651000.0,4883000.0,30667000.0,17491000.0,7800000.0,,7846000.0,119505000.0,17404000.0,4883000.0,,46990000.0,4781000.0,-19826000.0,28751000.0,20737000.0,1850000.0,,248365000.0,166573000.0,147717000.0,174957000.0,65562000.0,-19826000.0,825000.0,,
0,VAF,,,,,,,,,,,,,,,,,,,,,,,,,,,,,
0,HBRD,,,,,,,,,,,,,,,,,,,,,,,,,,,,,
0,VDHG,,,,,,,,,,,,,,,,,,,,,,,,,,,,,
2021-06-30 00:00:00,PSI,1986000.0,47824000.0,331174000.0,,333254000.0,87626000.0,176679000.0,59698000.0,1115000.0,66160000.0,-75588000.0,1461000.0,244983000.0,46716000.0,44397000.0,-37250000.0,38846000.0,51368000.0,,945000.0,888864000.0,367979000.0,302112000.0,542457000.0,345292000.0,-37250000.0,,,
2021-06-27 00:00:00,AX1,76631000.0,34084000.0,390926000.0,30699000.0,319022000.0,53701000.0,61151000.0,,,49032000.0,56257000.0,47773000.0,628000.0,46861000.0,4867000.0,26024000.0,386875000.0,12340000.0,5000000.0,,1112176000.0,304805000.0,340163000.0,683196000.0,428980000.0,25714000.0,216881000.0,,
2021-06-30 00:00:00,CQE,400000.0,5300000.0,629900000.0,,,,297100000.0,80000000.0,,7300000.0,1178300000.0,,1400000.0,55000000.0,,21900000.0,1448000000.0,526500000.0,,,1542000000.0,14000000.0,62000000.0,363700000.0,1178300000.0,21900000.0,,,
2020-06-30 00:00:00,RMS,23350000.0,165670000.0,370781000.0,,,,,,,3234000.0,515220000.0,1127000.0,,88900000.0,66704000.0,-34707000.0,482883000.0,179146000.0,,3370000.0,754942000.0,270932000.0,159172000.0,239722000.0,515220000.0,-34707000.0,97553000.0,,
2021-06-30 00:00:00,AEF,5590000.0,27813000.0,10676000.0,2900000.0,,,,141000.0,,4682000.0,24180000.0,3404000.0,626000.0,1364000.0,505000.0,1034000.0,1891000.0,12470000.0,,,39466000.0,34030000.0,13947000.0,15286000.0,24180000.0,1034000.0,,,
2021-06-30 00:00:00,HGH,3194697000.0,173286000.0,583781000.0,14117000.0,45143000.0,24022000.0,1634768000.0,5543000.0,,3465000.0,692527000.0,4990488000.0,9637000.0,11531000.0,,-477000.0,35911000.0,178388000.0,,351613000.0,5677613000.0,576506000.0,3265326000.0,4915921000.0,761692000.0,-477000.0,,,
2020-12-31 00:00:00,29M,78231000.0,150173000.0,452844000.0,117700000.0,,,191763000.0,,,33359000.0,717423000.0,123798000.0,2766000.0,57636000.0,155614000.0,-657000.0,900531000.0,265236000.0,10200000.0,,1256568000.0,232239000.0,175263000.0,539145000.0,717423000.0,-657000.0,41234000.0,,
2009-12-31 00:00:00,GOLD,,374046.0,250100.0,,,,61.0,,,33775.0,407760.0,,,273507.0,,360000.0,,-202340.0,242389.0,,923656.0,923656.0,515835.0,515896.0,407760.0,360000.0,515835.0,,
2020-12-31 00:00:00,WAF,24418000.0,95027000.0,165263000.0,,,,93669000.0,,7036000.0,19690000.0,165229000.0,,,45471000.0,31054000.0,3851000.0,361062000.0,-3885000.0,132664000.0,39000.0,530713000.0,169651000.0,222500000.0,358448000.0,165229000.0,3851000.0,51950000.0,,
2021-06-30 00:00:00,HDN,7400000.0,249500000.0,944400000.0,,,,414800000.0,,,1700000.0,933100000.0,9800000.0,17600000.0,16600000.0,,-18400000.0,1111800000.0,7100000.0,,,1390400000.0,268800000.0,31500000.0,457300000.0,933100000.0,-18400000.0,,,
2021-06-30 00:00:00,AUI,155000.0,5215000.0,451268000.0,,,,70000000.0,1433061000.0,,4259000.0,1096219000.0,,,202000.0,210407000.0,511028000.0,194000.0,133923000.0,65000000.0,,1442843000.0,9588000.0,66119000.0,346624000.0,1096219000.0,511028000.0,,,
2020-12-31 00:00:00,SIQ,4416000.0,27368000.0,283516000.0,12247000.0,274395000.0,16007000.0,24720000.0,827000.0,,16732000.0,-19467000.0,12247000.0,48165000.0,69823000.0,2596000.0,-12218000.0,10885000.0,-363000.0,,,408441000.0,94080000.0,101512000.0,137506000.0,270935000.0,-12218000.0,,,
2020-12-31 00:00:00,SZL,60933272.0,84285383.0,1970.0,,,537046.0,41296559.0,,,82210606.0,59421371.0,52537.0,4798520.0,615839.0,4483073.0,425065.0,520762.0,-52234360.0,,,174110773.0,173000428.0,68372724.0,114152356.0,59958417.0,-450167.0,,112640974.0,
2021-06-30 00:00:00,FCL,3289594.0,13998945.0,301677.0,,41332032.0,89541930.0,,,,26664328.0,5466616.0,1627603.0,963369.0,20218323.0,8475201.0,14799256.0,8356693.0,-3000302.0,,,184469799.0,43611541.0,34391576.0,48129221.0,136340578.0,14799256.0,,124239947.0,1627603.0
2020-06-30 00:00:00,HSN,4794000.0,44492000.0,140952000.0,9971000.0,219695000.0,157965000.0,157852000.0,,,69861000.0,-125166000.0,13652000.0,1916000.0,50713000.0,43660000.0,14801000.0,31501000.0,96741000.0,,,545523000.0,122710000.0,76133000.0,293029000.0,252494000.0,14801000.0,,,
2021-06-30 00:00:00,CTT,14753855.0,47130634.0,188344920.0,2466813.0,,5474603.0,,,,1743596.0,30288305.0,2466813.0,23044.0,4831624.0,2318539.0,-150549516.0,,-2032496.0,,,57822704.0,49881288.0,19741257.0,22059796.0,35762908.0,-150549516.0,584344.0,,
2021-06-30 00:00:00,NWS,321000000.0,2236000000.0,6000000.0,378000000.0,4653000000.0,2711000000.0,2229000000.0,442000000.0,935000000.0,1553000000.0,847000000.0,1734000000.0,414000000.0,1191000000.0,974000000.0,-941000000.0,2775000000.0,-2911000000.0,6000000.0,,16771000000.0,4456000000.0,3234000000.0,7625000000.0,8211000000.0,-941000000.0,253000000.0,12057000000.0,
2020-12-31 00:00:00,GOR,11459000.0,126387000.0,203949000.0,,,,,1541000.0,,5502000.0,419467000.0,,,15510000.0,44072000.0,3622000.0,468269000.0,211896000.0,,874000.0,627118000.0,157308000.0,57292000.0,207651000.0,419467000.0,3622000.0,23376000.0,,
2020-09-30 00:00:00,UMG,88700000.0,262100000.0,166900000.0,21700000.0,324300000.0,13300000.0,350200000.0,,,234900000.0,693700000.0,26400000.0,4400000.0,11100000.0,132700000.0,452600000.0,687200000.0,411800000.0,107300000.0,,1886800000.0,835600000.0,316600000.0,855500000.0,1031300000.0,452600000.0,318500000.0,,
2021-06-30 00:00:00,PNV,1814219.0,7688554.0,139250502.0,,,1652320.0,5058338.0,,,5667055.0,20699725.0,619659.0,146315.0,2350468.0,215959.0,-1637216.0,19823157.0,-115261241.0,1466246.0,50000.0,38339298.0,16244162.0,8649625.0,15987253.0,22352045.0,-1637216.0,1959835.0,,475522.0
2020-06-30 00:00:00,INR,1557000.0,38268000.0,153290000.0,,,,,,,58000.0,130046000.0,337000.0,,,276000.0,9837000.0,95155000.0,-33081000.0,,,133818000.0,38326000.0,3368000.0,3772000.0,130046000.0,9837000.0,,,
0,FAIR,,,,,,,,,,,,,,,,,,,,,,,,,,,,,
2021-06-30 00:00:00,BKI,10363000.0,40606000.0,929185000.0,15601000.0,,,,1194994000.0,,36105000.0,1172392000.0,15601000.0,,1190000.0,103414000.0,,1000.0,243207000.0,,,1287359000.0,76763000.0,11553000.0,114967000.0,1172392000.0,,,,
0,ISX,,,,,,,,,,,,,,,,,,,,,,,,,,,,,
2020-12-31 00:00:00,APX,28284000.0,78437000.0,362138000.0,10686000.0,262802000.0,96586000.0,,,,117282000.0,126484000.0,11724000.0,1918000.0,38783000.0,17960000.0,-657000.0,28475000.0,124391000.0,,,600366000.0,200779000.0,77829000.0,114494000.0,485872000.0,-657000.0,,,
2021-06-30 00:00:00,PPK,23000.0,30365000.0,75348000.0,922000.0,,,,32598000.0,11616000.0,1721000.0,76648000.0,2544000.0,28734000.0,7769000.0,13000.0,2685000.0,530000.0,-17915000.0,,,96602000.0,60930000.0,8325000.0,8338000.0,76648000.0,2482000.0,,16733000.0,1622000.0
2020-06-30 00:00:00,KGN,35910000.0,146726000.0,269033000.0,2387000.0,,8279000.0,,,,5390000.0,155746000.0,2387000.0,27000.0,71798000.0,569000.0,-130464000.0,2603000.0,25456000.0,,,279667000.0,266398000.0,114620000.0,115642000.0,164025000.0,-130464000.0,112882000.0,,
2020-06-30 00:00:00,EML,30019000.0,855785000.0,455583000.0,25044000.0,287766000.0,116982000.0,35848000.0,443916000.0,,43976000.0,36244000.0,41880000.0,1847000.0,1277082000.0,96365000.0,11187000.0,14629000.0,-25778000.0,,96003000.0,1906266000.0,1001093000.0,1326253000.0,1465274000.0,440992000.0,11187000.0,,,
2020-12-31 00:00:00,MAF,17801000.0,138004000.0,154579000.0,3905000.0,9827000.0,11794000.0,237540000.0,101068000.0,,179065000.0,215236000.0,97733000.0,6635000.0,10934000.0,842000.0,25141000.0,6788000.0,57137000.0,,,569343000.0,342133000.0,91160000.0,332486000.0,236857000.0,25141000.0,,,
2021-06-30 00:00:00,NCK,11542000.0,106892000.0,3364000.0,5334000.0,2378000.0,313000.0,18162000.0,,,1694000.0,111335000.0,5334000.0,1565000.0,78147000.0,2666000.0,958000.0,269532000.0,109704000.0,15500000.0,,436823000.0,159266000.0,135960000.0,322797000.0,114026000.0,958000.0,46733000.0,,
2020-12-31 00:00:00,DBI,42325000.0,139135000.0,1285714000.0,,,3110150000.0,2323846000.0,226760000.0,,45305000.0,-2240216000.0,36496000.0,,242426000.0,29048000.0,-302572000.0,457000.0,-113208000.0,47619000.0,,3561981000.0,188118000.0,338941000.0,2692047000.0,869934000.0,-302572000.0,,,
2021-06-30 00:00:00,MMS,30458000.0,157997000.0,76257000.0,13753000.0,87862000.0,46990000.0,152444000.0,,,40975000.0,134343000.0,20665000.0,68095000.0,60492000.0,36949000.0,-9510000.0,192126000.0,202448000.0,24099000.0,,685930000.0,308517000.0,180069000.0,416735000.0,269195000.0,-9510000.0,15312000.0,,6912000.0
2017-06-30 00:00:00,LEP,,59585000.0,258118000.0,282000.0,,,527650000.0,1471000.0,,258000.0,585980000.0,282000.0,253000.0,28217000.0,,893000.0,1080188000.0,326969000.0,527650000.0,,1142037000.0,60096000.0,28407000.0,556057000.0,585980000.0,893000.0,,,
2020-06-30 00:00:00,ABB,11175000.0,21435000.0,10632000.0,,,2458000.0,,,,11389000.0,-23181000.0,228000.0,,23116000.0,234000.0,,17793000.0,-31355000.0,5500000.0,1947000.0,57532000.0,37053000.0,70480000.0,78255000.0,-20723000.0,,1692000.0,,
2020-06-30 00:00:00,AVZ,320935.0,14202294.0,103495333.0,,,,,,11690054.0,263414.0,82665744.0,,66912.0,17747.0,5796838.0,9332520.0,86108884.0,-30162109.0,,47302.0,100707158.0,14598274.0,503171.0,6351360.0,82665744.0,9332520.0,,,
2020-06-30 00:00:00,RBL,22319000.0,58129000.0,145438000.0,617000.0,51489000.0,20087000.0,,,,7262000.0,-4098000.0,2284000.0,309000.0,47306000.0,268000.0,13364000.0,8878000.0,-86021000.0,,,159520000.0,76782000.0,85955000.0,92042000.0,67478000.0,8061000.0,7019000.0,,
2021-06-30 00:00:00,DUI,94000.0,5156000.0,442098000.0,,,,117500000.0,1242603000.0,,9512000.0,939159000.0,,,714000.0,199688000.0,447568000.0,,49493000.0,,,1257382000.0,14779000.0,1035000.0,318223000.0,939159000.0,447568000.0,,,
2020-12-31 00:00:00,OML,3308000.0,80042000.0,876291000.0,,594639000.0,180520000.0,209612000.0,,-905000.0,95742000.0,32241000.0,,5751000.0,13365000.0,35738000.0,28791000.0,941448000.0,-97682000.0,,,1908800000.0,192193000.0,211828000.0,1102305000.0,807400000.0,28791000.0,3472000.0,,
2020-06-30 00:00:00,SBM,63550000.0,405541000.0,1422290000.0,13670000.0,,,304189000.0,42906000.0,,8700000.0,1348977000.0,47005000.0,2039000.0,30172000.0,390371000.0,-35091000.0,1572897000.0,-38222000.0,,,2175013000.0,512205000.0,116098000.0,826036000.0,1348977000.0,-35091000.0,87401000.0,,
2020-12-31 00:00:00,PPM,15178000.0,885578000.0,601770000.0,52344000.0,,38878000.0,13797013000.0,,1001000.0,13316157000.0,695043000.0,56357000.0,8769193000.0,8426200000.0,22230000.0,-65091000.0,13565000.0,197242000.0,,,23100411000.0,22991611000.0,8546246000.0,22365489000.0,733921000.0,-65091000.0,,,
2020-06-30 00:00:00,GUD,44661000.0,29987000.0,112880000.0,,162149000.0,121436000.0,172897000.0,1734000.0,,116446000.0,-8800000.0,4111000.0,5810000.0,9588000.0,29066000.0,11001000.0,93741000.0,150904000.0,49000.0,,643594000.0,260423000.0,96942000.0,368809000.0,274785000.0,11001000.0,108180000.0,,
2021-06-30 00:00:00,IMD,19173000.0,58477000.0,169078000.0,25144000.0,62104000.0,30839000.0,11128000.0,,,60573000.0,160108000.0,28852000.0,5185000.0,11073000.0,9159000.0,1088000.0,78581000.0,82885000.0,,,366112000.0,165736000.0,57965000.0,113061000.0,253051000.0,1088000.0,41501000.0,,
2021-06-30 00:00:00,PGH,273154000.0,62152000.0,1750476000.0,32029000.0,447412000.0,11957000.0,655482000.0,35110000.0,,142702000.0,-27499000.0,34051000.0,,105492000.0,30185000.0,-902383000.0,1014199000.0,-416223000.0,,1714000.0,2007743000.0,465014000.0,491194000.0,1575873000.0,431870000.0,-902383000.0,242706000.0,,
2021-06-30 00:00:00,WSA,33508000.0,151052000.0,560702000.0,,,506000.0,,63771000.0,,21065000.0,634929000.0,,,461000.0,89385000.0,51491000.0,532405000.0,23242000.0,,,806903000.0,210221000.0,68870000.0,171468000.0,635435000.0,51491000.0,36445000.0,,
2020-07-31 00:00:00,KMD,63939000.0,231885000.0,626380000.0,,274402000.0,408176000.0,241270000.0,,4007000.0,77458000.0,92617000.0,3945000.0,53000.0,73822000.0,95865000.0,-16611000.0,348720000.0,165426000.0,54000.0,,1573432000.0,538189000.0,236751000.0,794230000.0,775195000.0,-16611000.0,228793000.0,,
2021-06-30 00:00:00,RFF,1597000.0,11647000.0,380440000.0,,,110418000.0,362212000.0,17779000.0,12990000.0,5422000.0,525136000.0,11865000.0,9543000.0,10207000.0,11871000.0,48347000.0,875169000.0,206767000.0,6011000.0,,1041904000.0,26673000.0,19277000.0,393360000.0,635554000.0,48347000.0,61000.0,,
2021-03-31 00:00:00,PEB,818000.0,4129000.0,190305000.0,,,162000.0,,,,2866000.0,24947000.0,15000.0,159000.0,361000.0,,4865000.0,3665000.0,-170061000.0,,19000000.0,31184000.0,27342000.0,4295000.0,6075000.0,25109000.0,4865000.0,790000.0,,15000.0
2021-06-30 00:00:00,MSB,19598000.0,136881000.0,1163153000.0,,134453000.0,446093000.0,41045000.0,2080000.0,,2646000.0,851000.0,1724000.0,5019000.0,14515000.0,19517000.0,65813000.0,12140000.0,-647569000.0,53200000.0,,744717000.0,148227000.0,94273000.0,163320000.0,581397000.0,65813000.0,,,
2021-06-30 00:00:00,SYA,1648184.0,35502596.0,128727789.0,,,,,,6496928.0,6189412.0,61389199.0,,4223088.0,2017375.0,1.0,304633.0,25762579.0,-67643223.0,,,71721323.0,45958744.0,3819971.0,3835196.0,61389199.0,304633.0,,,
0,MHHT,,,,,,,,,,,,,,,,,,,,,,,,,,,,,
2021-01-31 00:00:00,BGP,80952000.0,100417000.0,61839000.0,14750000.0,,3608000.0,,61930000.0,,1597000.0,255439000.0,14750000.0,32000.0,15791000.0,930000.0,-27936000.0,373247000.0,225144000.0,,,648991000.0,195456000.0,116020000.0,389944000.0,259047000.0,-27936000.0,91473000.0,,
2021-06-30 00:00:00,JIN,1785000.0,63139000.0,80177000.0,1547000.0,9278000.0,30202000.0,,,,1063000.0,45846000.0,1547000.0,1807000.0,17387000.0,2079000.0,1419000.0,4227000.0,3730000.0,,,113773000.0,68519000.0,23248000.0,28447000.0,85326000.0,1419000.0,16000.0,,
0,IEM,,,,,,,,,,,,,,,,,,,,,,,,,,,,,
0,ADI,,,,,,,,,,,,,,,,,,,,,,,,,,,,,
2021-06-30 00:00:00,CMM,6100000.0,10312000.0,180629000.0,,,,38000000.0,,,1001000.0,130460000.0,4516000.0,3737000.0,1727000.0,28566000.0,10647000.0,263687000.0,-60816000.0,32000000.0,2012000.0,299595000.0,31392000.0,58966000.0,169135000.0,130460000.0,10647000.0,14065000.0,,
2020-12-31 00:00:00,URW,211800000.0,2137600000.0,692400000.0,26500000.0,1248100000.0,876300000.0,26310500000.0,8673900000.0,3413000000.0,1191500000.0,17257600000.0,853300000.0,1038200000.0,1896700000.0,2548300000.0,12421500000.0,41226900000.0,-7212600000.0,2676900000.0,,57277800000.0,4399300000.0,4827400000.0,34482800000.0,19382000000.0,12421500000.0,32000000.0,13480700000.0,
0,IXJ,,,,,,,,,,,,,,,,,,,,,,,,,,,,,
2021-06-30 00:00:00,NEA,7612000.0,123431000.0,224192000.0,5767000.0,135000.0,3199000.0,,,,27131000.0,139320000.0,52072000.0,28000.0,55875000.0,11937000.0,26106000.0,25095000.0,-107644000.0,,2356000.0,239679000.0,159178000.0,79943000.0,97025000.0,142654000.0,26106000.0,,,45935000.0
2020-12-31 00:00:00,GEM,18449000.0,316989000.0,1209227000.0,117104000.0,1047227000.0,8015000.0,295139000.0,,,17383000.0,-180745000.0,118091000.0,,154645000.0,16810000.0,174000.0,556074000.0,-334904000.0,,677000.0,2074047000.0,344640000.0,275786000.0,1199550000.0,874497000.0,174000.0,1526000.0,,
2020-09-30 00:00:00,SHV,22997000.0,1451000.0,279096000.0,,25995000.0,44452000.0,52750000.0,,,45607000.0,334563000.0,1891000.0,46243000.0,25348000.0,42559000.0,14280000.0,535159000.0,111634000.0,,,824894000.0,217397000.0,91062000.0,419884000.0,405010000.0,14280000.0,100549000.0,,
2021-06-30 00:00:00,DUB,11597258.0,32041224.0,136947992.0,,,43750926.0,,,,23329871.0,15644079.0,,,3626914.0,23437231.0,21711095.0,2276916.0,-99264082.0,,,101398937.0,55371095.0,17043127.0,42003932.0,59395005.0,21711095.0,,,
2020-06-30 00:00:00,HM1,,52255304.0,562500001.0,2484033.0,,,,779308148.0,,401677.0,750506830.0,2484033.0,,33499770.0,50671633.0,117959797.0,,70047032.0,,,834678233.0,52886052.0,33499770.0,84171403.0,750506830.0,117959797.0,,,
2021-03-31 00:00:00,IAP,1181000.0,7405000.0,46723000.0,2957000.0,,39528000.0,339899000.0,5807000.0,873705000.0,2359000.0,-200000.0,2957000.0,3303000.0,31718000.0,8494000.0,,1237617000.0,-7395000.0,,,1298976000.0,13067000.0,37018000.0,385943000.0,39328000.0,,,,
2020-06-30 00:00:00,IDX,4544000.0,57965000.0,207437000.0,13607000.0,273600000.0,27254000.0,157004000.0,,,14450000.0,-72524000.0,13607000.0,357000.0,26295000.0,27277000.0,-10800000.0,189576000.0,31693000.0,,,580465000.0,76428000.0,69795000.0,352135000.0,228330000.0,-10800000.0,1002000.0,,
2020-06-30 00:00:00,BET,620239.0,31624870.0,84943067.0,7295014.0,14455205.0,5616863.0,,,,1943537.0,40328659.0,8134221.0,56184.0,56543.0,162375.0,1573392.0,701051.0,-26115732.0,,,62592324.0,33684984.0,1679008.0,2191597.0,60400727.0,1573392.0,,,
2020-12-31 00:00:00,BLY,59412000.0,23513000.0,1463802000.0,13252000.0,105115000.0,9054000.0,841082000.0,,505000.0,110065000.0,-584070000.0,41092000.0,365000.0,15259000.0,80317000.0,-240759000.0,151973000.0,-1692944000.0,863000.0,,609633000.0,302399000.0,130381000.0,1079029000.0,-469901000.0,-240759000.0,158327000.0,,22512000.0
2021-03-31 00:00:00,OCA,9302000.0,79906000.0,675625000.0,,5345000.0,5226000.0,332778000.0,,,43102000.0,824631000.0,1099803000.0,2000000.0,633914000.0,60124000.0,244983000.0,645766000.0,-85406000.0,,,1883733000.0,127593000.0,646547000.0,1048531000.0,835202000.0,244983000.0,,,
2021-06-30 00:00:00,MND,119652000.0,175708000.0,133877000.0,31455000.0,3917000.0,,,15163000.0,9000.0,378333000.0,391655000.0,37455000.0,,72081000.0,16672000.0,30867000.0,162891000.0,232097000.0,900000.0,,777067000.0,557641000.0,290104000.0,381486000.0,395572000.0,29598000.0,3600000.0,,
2021-06-30 00:00:00,SGF,55128000.0,231117000.0,376661000.0,4328000.0,357880000.0,43126000.0,175597000.0,2627000.0,,66303000.0,-22820000.0,89154000.0,9350000.0,60130000.0,83388000.0,-116772000.0,14151000.0,118297000.0,17162000.0,,833271000.0,326333000.0,190677000.0,455085000.0,378186000.0,-116772000.0,10719000.0,,
2020-12-31 00:00:00,GMA,205886000.0,104557000.0,1090180000.0,55624000.0,9123000.0,48094000.0,187781000.0,3171194000.0,,89511000.0,1372307000.0,64289000.0,49516000.0,315795000.0,1549693000.0,-475385000.0,10256000.0,773125000.0,,132303000.0,3680603000.0,377647000.0,547863000.0,2292683000.0,1387920000.0,-475385000.0,,,8665000.0
2021-06-30 00:00:00,OBL,18688000.0,142648000.0,389501000.0,30490000.0,99645000.0,,145522000.0,4842000.0,430474000.0,33734000.0,232228000.0,598155000.0,176594000.0,44900000.0,81597000.0,-18845000.0,5905000.0,-42187000.0,,2793000.0,1066532000.0,357985000.0,73672000.0,304185000.0,331873000.0,-18845000.0,,3404000.0,489615000.0
2021-06-30 00:00:00,KAR,30286000.0,133209000.0,905138000.0,36528000.0,,40955000.0,,,,36589000.0,339295000.0,44470000.0,209000.0,53608000.0,235982000.0,-110523000.0,744682000.0,-414365000.0,,,1013956000.0,183849000.0,130277000.0,633706000.0,380250000.0,-110523000.0,10952000.0,,
2020-12-31 00:00:00,OMH,114433000.0,63031000.0,36931000.0,13788000.0,,8922000.0,288279000.0,128720000.0,68596000.0,62992000.0,390721000.0,14362000.0,1856000.0,41036000.0,77619000.0,17174000.0,633728000.0,169505000.0,126766000.0,,1133446000.0,347714000.0,298894000.0,665207000.0,399643000.0,14844000.0,216307000.0,178363000.0,
0,IEU,,,,,,,,,,,,,,,,,,,,,,,,,,,,,
2021-03-31 00:00:00,AAC,8800000.0,8875000.0,528822000.0,,,2896000.0,369848000.0,288000.0,,7202000.0,1041729000.0,335418000.0,4084000.0,11230000.0,121648000.0,558847000.0,997528000.0,-43044000.0,7207000.0,,1585564000.0,249434000.0,31408000.0,540939000.0,1044625000.0,558847000.0,229273000.0,,
2020-06-30 00:00:00,ACL,,,,,,,,,,,,,,,,,,,,,,,,,,,,,
2020-06-30 00:00:00,BGL,6788000.0,24240000.0,135205000.0,,,,,,,709000.0,95510000.0,,150000.0,158000.0,2359000.0,4445000.0,76493000.0,-44140000.0,,5000000.0,106741000.0,30248000.0,8872000.0,11231000.0,95510000.0,4445000.0,,,
2021-06-30 00:00:00,CXO,627124.0,38107642.0,90606910.0,,,,,,,114989.0,71314461.0,793027.0,,,65086.0,652522.0,34024779.0,-19944971.0,,85150.0,73193867.0,38376061.0,1769412.0,1879406.0,71314461.0,652522.0,,,
2021-06-30 00:00:00,PWH,1335000.0,19857000.0,26223000.0,770000.0,3930000.0,10985000.0,,,,9341000.0,49047000.0,770000.0,817000.0,7516000.0,3403000.0,12000.0,34280000.0,37727000.0,,,87298000.0,37333000.0,13266000.0,23336000.0,63962000.0,12000.0,6489000.0,,
0,NBI,,,,,,,,,,,,,,,,,,,,,,,,,,,,,
0,MICH,,,,,,,,,,,,,,,,,,,,,,,,,,,,,
2021-06-30 00:00:00,CXL,2891531.0,15130147.0,76288463.0,,3638392.0,4757077.0,44464.0,,,9240302.0,29752556.0,885477.0,,7000328.0,1102080.0,-1777186.0,15321018.0,-36363252.0,139359.0,315607.0,51623485.0,27021521.0,11714891.0,13475460.0,38148025.0,-1777186.0,2172629.0,,592507.0
2021-06-30 00:00:00,CIN,,17235000.0,20146000.0,26000.0,,,166000.0,1000907000.0,,2602000.0,847004000.0,26000.0,,524000.0,173076000.0,458687000.0,,368171000.0,,,1020770000.0,19837000.0,524000.0,173766000.0,847004000.0,458687000.0,,,
2020-12-31 00:00:00,JRV,150000.0,42331000.0,211700000.0,,,418000.0,,,,50000.0,121099000.0,2971000.0,,6000.0,9863000.0,4761000.0,113132000.0,-94944000.0,,116000.0,159465000.0,42944000.0,14365000.0,37948000.0,121517000.0,4761000.0,78000.0,,
2020-06-30 00:00:00,OPH,1659000.0,70932000.0,574840000.0,,,,,,,5881000.0,574840000.0,,,,97000.0,,,,,,595883000.0,595883000.0,20946000.0,21043000.0,574840000.0,,,,
2021-06-30 00:00:00,WGX,44573485.0,150684029.0,364077523.0,,,,,6423091.0,,7466095.0,607360307.0,,1149449.0,39209946.0,152345092.0,196760127.0,671081921.0,46522657.0,,,899969930.0,222464918.0,118150760.0,292609623.0,607360307.0,196760127.0,59129368.0,,
0,XARO,,,,,,,,,,,,,,,,,,,,,,,,,,,,,
0,KKC,,,,,,,,,,,,,,,,,,,,,,,,,,,,,
2021-03-31 00:00:00,SKO,1772000.0,34919000.0,153706000.0,117000.0,1445000.0,21859000.0,28000.0,,,4588000.0,79224000.0,117000.0,12000.0,142000.0,,4330000.0,2569000.0,-55508000.0,62000.0,45000000.0,111309000.0,85319000.0,8363000.0,8781000.0,102528000.0,4330000.0,,,
2021-06-30 00:00:00,DTL,526162000.0,204323000.0,8278000.0,5898000.0,10056000.0,5903000.0,,,,419346000.0,40346000.0,8234000.0,89000.0,40639000.0,4055000.0,1168000.0,29073000.0,46859000.0,,,694825000.0,641559000.0,610360000.0,638520000.0,56305000.0,1168000.0,13872000.0,,
2020-06-30 00:00:00,NXL,6769750.0,38538759.0,104227205.0,498780.0,4543379.0,192611207.0,,,,60403495.0,-1676757.0,498780.0,,58069360.0,5840544.0,5143067.0,15285348.0,86107557.0,25531225.0,,313579497.0,100640783.0,100721874.0,118101668.0,195477829.0,5143067.0,,,
2021-06-30 00:00:00,NWH,176794000.0,146549000.0,383416000.0,,162981000.0,44123000.0,54375000.0,15849000.0,,415371000.0,338019000.0,180000.0,89933000.0,28863000.0,35518000.0,11359000.0,369571000.0,150348000.0,20570000.0,,1301612000.0,708908000.0,508816000.0,756489000.0,545123000.0,11359000.0,57055000.0,,
0,IAA,,,,,,,,,,,,,,,,,,,,,,,,,,,,,
2021-07-31 00:00:00,SM1,101121000.0,16020000.0,464774000.0,,64189000.0,59631000.0,459584000.0,110000.0,,128881000.0,643294000.0,53000.0,37155000.0,10770000.0,68263000.0,8785000.0,1041167000.0,293555000.0,,,1618150000.0,453000000.0,311414000.0,851036000.0,767114000.0,8785000.0,270944000.0,,
0,CBO,,,,,,,,,,,,,,,,,,,,,,,,,,,,,
2021-06-30 00:00:00,BWX,43880000.0,70497000.0,293893000.0,,177987000.0,122161000.0,41664000.0,890000.0,,44781000.0,58695000.0,4354000.0,,6302000.0,22263000.0,5891000.0,28867000.0,59059000.0,3009000.0,,496529000.0,162270000.0,65601000.0,137686000.0,358843000.0,5891000.0,43980000.0,,
2021-06-30 00:00:00,RMC,,619809000.0,181675000.0,482000.0,27430000.0,136000.0,10486282000.0,15083000.0,,13937063000.0,293573000.0,28461000.0,2371000.0,54060000.0,16015000.0,-79667000.0,12557000.0,219131000.0,3684369000.0,,14645166000.0,14561499000.0,3810768000.0,14324027000.0,321139000.0,-79667000.0,,,
2020-06-30 00:00:00,VG1,1396210.0,565641574.0,858135353.0,26583972.0,,,,786569492.0,,319959.0,892392253.0,26583972.0,13742366.0,149770229.0,33125808.0,,,34256900.0,,,1392857363.0,579703899.0,467339302.0,500465110.0,892392253.0,,,,
2020-09-30 00:00:00,ECX,34295000.0,55776000.0,654765000.0,3366000.0,440294000.0,29012000.0,984941000.0,,,204590000.0,39179000.0,814162000.0,436101000.0,69912000.0,11587000.0,18766000.0,27594000.0,-165046000.0,388142000.0,,2032486000.0,721424000.0,507959000.0,1524001000.0,508485000.0,18766000.0,18425000.0,,
2021-06-30 00:00:00,DJW,,1236000.0,686297000.0,6136000.0,,,,746144000.0,,5295000.0,768709000.0,110136000.0,,14210000.0,15828000.0,85739000.0,,-3327000.0,,,863830000.0,7550000.0,79293000.0,95121000.0,768709000.0,85739000.0,,,
0,SFY,,,,,,,,,,,,,,,,,,,,,,,,,,,,,
0,HCW,,,,,,,,,,,,,,,,,,,,,,,,,,,,,
2021-06-30 00:00:00,TGR,92904000.0,30623000.0,429499000.0,,89894000.0,24184000.0,348443000.0,12932000.0,,39711000.0,686468000.0,18620000.0,463235000.0,8535000.0,172550000.0,15715000.0,827082000.0,355332000.0,,,1647357000.0,674645000.0,162191000.0,846811000.0,800546000.0,15715000.0,133006000.0,,
2020-08-31 00:00:00,API,741945000.0,60713000.0,566461000.0,19900000.0,127912000.0,139536000.0,70423000.0,1200000.0,3849000.0,544429000.0,186449000.0,66105000.0,,19154000.0,40330000.0,-58423000.0,234896000.0,-54141000.0,,,1542971000.0,973322000.0,832682000.0,1085225000.0,453897000.0,-58423000.0,368180000.0,,669000.0
